user,group,item,name,amount
천세원,저축,자유입출금,KB마이핏통장,4438950.0
천세원,저축,자유입출금,MY 입출금통장,1.0
천세원,저축,자유입출금,U드림 저축예금 (인터넷전용),70.0
천세원,저축,자유입출금,자립예탁금,93.0
천세원,저축,자유입출금,저축예금,1258552.0
천세원,저축,자유입출금,저축예금,1059.0
천세원,저축,자유입출금,토스뱅크 통장,0.0
천세원,저축,현금,현금,0.0
천세원,저축,저축성,WON 자유적금,3500000.0
천세원,저축,저축성,WON플러스예금,30000000.0
천세원,저축,저축성,주택청약종합저축,8700000.0
천세원,저축,저축성,개인형IRP,3800000.0
천세원,저축,전자금융,네이버페이 머니 - saew****,9007.0
천세원,저축,전자금융,카카오페이 머니 - 010*****550,0.0
천세원,저축,전자금융,토스머니,0.0
천세원,저축,전자금융,페이코포인트 - sa******@naver.com,0.0
천세원,투자,주식,애플,2982477.774
천세원,투자,주식,아마존닷컴,2532308.208
천세원,투자,주식,Invesco QQQ Trust ETF,2358713.1351
천세원,투자,주식,테슬라,2291737.53625
천세원,투자,주식,퓨어 스토리지,1527625.5056
천세원,투자,주식,엔비디아,480487.1082
천세원,투자,주식,존슨앤드존슨,455319.929
천세원,투자,주식,위탁,0.0
천세원,투자,주식,종합계좌,53992.0
천세원,투자,주식,종합매매,5078322.5976
천세원,투자,주식,종합매매,0.0
천세원,투자,주식,종합위탁,10.0
천세원,투자,주식,집합투자증권,0.0
천세원,투자,주식,집합투자증권,0.0
천세원,투자,동산,현대 아반떼AD,9500000.0
천세원,저축,보험,단계별로더받는암보험1404,0.0
천세원,저축,연금,DC,43269059.0
천세원,저축,연금,개인형IRP,3800000.0
하유진,저축,자유입출금,KB마이핏통장,32137710.0
하유진,저축,자유입출금,MY 입출금통장,1.0
하유진,저축,자유입출금,NH1934우대통장(저축예금),4417.0
하유진,저축,자유입출금,딴주머니,0.0
하유진,저축,자유입출금,세이프박스,815.0
하유진,저축,자유입출금,신한 주거래 S20통장,4254.0
하유진,저축,자유입출금,입출금통장,121095.0
하유진,저축,자유입출금,잇(it)딴주머니통장,0.0
하유진,저축,자유입출금,자립예탁금,461.0
하유진,저축,자유입출금,자립예탁금,0.0
하유진,저축,자유입출금,저축예금,15.0
하유진,저축,자유입출금,행복knowhow 주거래 우대통장,19528.0
하유진,저축,현금,현금,0.0
하유진,저축,저축성,KB 특★한 적금,1200000.0
하유진,저축,저축성,마이홈플랜 주택청약 종합저축,4000000.0
하유진,저축,저축성,유니온정기예탁금,45000000.0
하유진,저축,저축성,유니온정기예탁금,30000000.0
하유진,저축,저축성,유니온정기예탁금,5102094.0
하유진,저축,저축성,유니온정기예탁금,50000000.0
하유진,저축,저축성,하유진_IRP,0.0
하유진,저축,전자금융,네이버페이 머니 - epik****,0.0
하유진,저축,전자금융,네이버페이 머니 - huj1****,0.0
하유진,저축,전자금융,카카오페이 머니 - 010*****317,513923.0
하유진,저축,전자금융,토스머니,0.0
하유진,저축,전자금융,페이코포인트 - ep*****@naver.com,0.0
하유진,투자,주식,Invesco QQQ Trust ETF,3931188.5585
하유진,투자,주식,메타,1989376.4284
하유진,투자,주식,JPMorgan S&P 500 커버드콜 월배당 ETF,1744024.271
하유진,투자,주식,하이트진로,422000.0
하유진,투자,주식,Schwab 미국 배당주 ETF,113127.0273
하유진,투자,주식,리비안,77171.9256
하유진,투자,주식,카카오,56900.0
하유진,투자,주식,LG디스플레이,9170.0
하유진,투자,주식,현대로템,997500.0
하유진,투자,주식,삼성전자,813600.0
하유진,투자,주식,현대글로비스,564000.0
하유진,투자,주식,젬백스,466400.0
하유진,투자,주식,SK이노베이션,344700.0
하유진,투자,주식,현대차,209000.0
하유진,투자,주식,대한항공,127500.0
하유진,투자,주식,이노션,82600.0
하유진,투자,주식,HMM,48800.0
하유진,투자,주식,대덕,8390.0
하유진,투자,주식,TIGER 미국배당다우존스,1201000.0
하유진,투자,주식,TIGER 미국나스닥100,1141400.0
하유진,투자,주식,우리금융지주,49900.0
하유진,투자,주식,포스코DX,25750.0
하유진,투자,주식,ISA(중개형),7630445.0
하유진,투자,주식,MYW통장(미지정),339.0
하유진,투자,주식,QV종합매매,420529.0
하유진,투자,주식,위탁,350.0
하유진,투자,주식,위탁종합,425094.0
하유진,투자,주식,종합매매,4471208.2541
하유진,투자,주식,종합위탁,40.0
하유진,투자,동산,현대 더 뉴아반떼MD,7300000.0
하유진,저축,보험,무배당 한화실손의료보험(갱신형)1501,0.0
하유진,저축,보험,무배당 마이라이프 한아름종합보험1504,0.0
하유진,저축,보험,無퓨처30+어린이CI3종,0.0
하유진,저축,보험,메리츠다이렉트(인터넷)개인용자동차보험,0.0
하유진,저축,연금,콘티넨탈오토모티브일렉트로닉스 유한책임회사,40197418.0
하유진,저축,연금,하유진_IRP,0.0
