user,kind,broker,name,principal,value,ret
천세원,주식,삼성증권,애플,2852285.0,2982477.774,4.564507894547712
천세원,주식,삼성증권,아마존닷컴,2518502.0,2532308.208,0.5481912660780138
천세원,주식,삼성증권,Invesco QQQ Trust ETF,2183682.0,2358713.1351,8.01541319203071
천세원,주식,삼성증권,테슬라,2090061.0,2291737.53625,9.649313405206827
천세원,주식,삼성증권,퓨어 스토리지,1414561.0,1527625.5056,7.992904201374138
천세원,주식,삼성증권,엔비디아,348824.0,480487.1082,37.74485362245718
천세원,주식,삼성증권,존슨앤드존슨,415843.0,455319.929,9.493229175434
하유진,주식,삼성증권,Invesco QQQ Trust ETF,3601457.0,3931188.5585,9.155504522197537
하유진,주식,삼성증권,메타,806256.0,1989376.4284,146.7425269889465
하유진,주식,삼성증권,JPMorgan S&P 500 커버드콜 월배당 ETF,1854332.0,1744024.271,-5.948650457415396
하유진,주식,삼성증권,하이트진로,794500.0,422000.0,-46.88483322844557
하유진,주식,삼성증권,Schwab 미국 배당주 ETF,107805.0,113127.0273,4.93671657158759
하유진,주식,삼성증권,리비안,739892.0,77171.9256,-89.56983916571609
하유진,주식,삼성증권,카카오,128000.0,56900.0,-55.546875
하유진,주식,삼성증권,LG디스플레이,24600.0,9170.0,-62.72357723577236
하유진,주식,키움증권,현대로템,110000.0,997500.0,806.8181818181819
하유진,주식,키움증권,삼성전자,1007850.0,813600.0,-19.27370144366721
하유진,주식,키움증권,현대글로비스,438000.0,564000.0,28.76712328767123
하유진,주식,키움증권,젬백스,289300.0,466400.0,61.21673003802282
하유진,주식,키움증권,SK이노베이션,861499.0,344700.0,-59.98834589477179
하유진,주식,키움증권,현대차,177500.0,209000.0,17.74647887323944
하유진,주식,키움증권,대한항공,139500.0,127500.0,-8.602150537634408
하유진,주식,키움증권,이노션,133800.0,82600.0,-38.2660687593423
하유진,주식,키움증권,HMM,99300.0,48800.0,-50.85599194360524
하유진,주식,키움증권,대덕,44400.0,8390.0,-81.1036036036036
하유진,주식,미래에셋증권,TIGER 미국배당다우존스,1279500.0,1201000.0,-6.135209066041423
하유진,주식,미래에셋증권,TIGER 미국나스닥100,1138560.0,1141400.0,0.2494378864530635
하유진,주식,NH투자증권,우리금융지주,51914.0,49900.0,-3.879493007666525
하유진,주식,토스증권,포스코DX,7460.0,25750.0,245.1742627345845
