user,date,type,category,subcategory,content,amount,pay,memo
하유진,2026-01-01,지출,생활,미분류,세븐일레븐 세종가온9단지점,-2500.0,네이버페이 간편결제,
하유진,2026-01-02,지출,생활,미분류,(주)마켓세종,-36350.0,MG+ S 하나카드,
하유진,2026-01-02,지출,생활,미분류,(주)마켓세종,-36350.0,네이버페이 간편결제,
하유진,2026-01-04,지출,식사,미분류,빠쇼앱샙,-36000.0,네이버페이 간편결제,
천세원,2026-01-05,이체,이체,미분류,카카오페이,-13500.0,저축예금,
하유진,2026-01-05,이체,이체,미분류,송금 내역,-13500.0,카카오페이 머니,
하유진,2026-01-05,지출,식사,미분류,(주)아워홈콘티넨탈세종점,-1300.0,네이버페이 간편결제,
하유진,2026-01-06,지출,식사,미분류,(주)아워홈콘티넨탈세종점,-2050.0,MG+ S 하나카드,
하유진,2026-01-06,지출,식사,미분류,(주)아워홈콘티넨탈세종점,-2050.0,네이버페이 간편결제,
하유진,2026-01-06,지출,식사,미분류,너드버거클럽,-35100.0,네이버페이 간편결제,
하유진,2026-01-06,지출,미분류,미분류,aliexpress,-41565.0,네이버 현대카드,
하유진,2026-01-06,지출,식사,미분류,가시제거연구소,-27640.0,네이버페이 간편결제,
하유진,2026-01-06,지출,생활,미분류,폴라베어 전실장,-123080.0,네이버페이 간편결제,
하유진,2026-01-06,지출,생활,미분류,폴라베어 전실장,-9220.0,네이버페이 간편결제(포인트),
하유진,2026-01-07,지출,문화/여가,미분류,ALIPAY CONNECT PTE. LTD,-15800.0,카카오페이 간편결제,
하유진,2026-01-07,지출,자동차,미분류,주차장_나이스,-500.0,네이버페이 간편결제,
하유진,2026-01-07,지출,카페/간식,미분류,롯데웰푸드,-275.0,네이버페이 간편결제(포인트),
하유진,2026-01-07,지출,카페/간식,미분류,롯데웰푸드,-15875.0,네이버페이 간편결제,
하유진,2026-01-07,이체,미분류,미분류,하유진,-10001164.0,KB마이핏통장,
천세원,2026-01-07,지출,주거/통신,휴대폰,1201003583989,-8000946.0,저축예금,
하유진,2026-01-07,지출,자동차,미분류,행복주유소,-60000.0,MG+ S 하나카드,
하유진,2026-01-07,이체,이체,미분류,인터넷가계대출,10000000.0,KB마이핏통장,
천세원,2026-01-07,이체,저축,미분류,12월 사내의료비,2040272.0,저축예금,
천세원,2026-01-07,지출,금융,세금/과태료,국민천우용_의료비,-2040272.0,저축예금,
천세원,2026-01-07,수입,용돈,미분류,대출금입금,8000000.0,저축예금,
하유진,2026-01-07,지출,자동차,미분류,행복주유소,-60000.0,네이버페이 간편결제,
하유진,2026-01-08,지출,미분류,미분류,G마켓,-7600.0,네이버 현대카드,
하유진,2026-01-08,이체,이체,미분류,곽순영,-38000.0,KB마이핏통장,
하유진,2026-01-08,지출,식사,미분류,(주)아워홈콘티넨탈세종점,-1200.0,네이버페이 간편결제,
하유진,2026-01-08,지출,생활,미분류,(주)아성다이소,-6000.0,네이버페이 간편결제,
하유진,2026-01-09,지출,교통,미분류,결제대행(3)_나이스,25000.0,MG+ S 하나카드,
하유진,2026-01-09,지출,교통,미분류,결제대행(3)_나이스,-25000.0,MG+ S 하나카드,
하유진,2026-01-09,지출,식사,미분류,스시타케,-280000.0,네이버페이 간편결제,
하유진,2026-01-09,지출,교통,미분류,결제대행(3)_나이스,-22000.0,MG+ S 하나카드,
하유진,2026-01-09,지출,교통,미분류,결제대행(3)_나이스,23000.0,MG+ S 하나카드,
하유진,2026-01-09,지출,교통,미분류,결제대행(3)_나이스,-27000.0,MG+ S 하나카드,
하유진,2026-01-09,지출,교통,미분류,결제대행(3)_나이스,22000.0,MG+ S 하나카드,
하유진,2026-01-09,지출,교통,미분류,결제대행(3)_나이스,27000.0,MG+ S 하나카드,
하유진,2026-01-09,지출,식사,미분류,코스트코코리아,-35990.0,네이버페이 간편결제,
하유진,2026-01-09,지출,교통,미분류,결제대행(3)_나이스,-20000.0,MG+ S 하나카드,
하유진,2026-01-09,이체,이체,미분류,한재인,-800000.0,KB마이핏통장,
하유진,2026-01-09,이체,이체,미분류,조성재,-315000.0,KB마이핏통장,
하유진,2026-01-09,지출,생활,미분류,장기종합건재,-4000.0,네이버페이 간편결제,
하유진,2026-01-09,지출,생활,미분류,장기종합건재,-25000.0,네이버페이 간편결제,
하유진,2026-01-09,지출,생활,미분류,장기종합건재,-4000.0,MG+ S 하나카드,
하유진,2026-01-09,지출,식사,미분류,퍼주고 또 퍼주는 집,-12600.0,네이버페이 간편결제,
하유진,2026-01-09,지출,교통,미분류,카카오T,-34000.0,네이버 현대카드,
하유진,2026-01-09,지출,생활,미분류,장기종합건재,-25000.0,MG+ S 하나카드,
하유진,2026-01-09,지출,교통,미분류,결제대행(3)_나이스,20000.0,MG+ S 하나카드,
하유진,2026-01-09,지출,교통,미분류,결제대행(3)_나이스,-23000.0,MG+ S 하나카드,
천세원,2026-01-10,이체,현금,미분류,농협김혜영,-350000.0,저축예금,
천세원,2026-01-10,이체,이체,미분류,김경희,200000.0,저축예금,
하유진,2026-01-11,지출,생활,미분류,채움 철물인테리어,-145000.0,네이버페이 간편결제,
하유진,2026-01-11,지출,생활,미분류,오늘의집,-1604.0,네이버페이 간편결제(포인트),
하유진,2026-01-11,지출,생활,미분류,오늘의집,-27271.0,네이버페이 간편결제,
하유진,2026-01-12,이체,카드대금,미분류,현대카드대금,-598268.0,KB마이핏통장,
하유진,2026-01-12,지출,식사,미분류,(주)아워홈콘티넨탈세종점,-1200.0,네이버페이 간편결제,
하유진,2026-01-12,지출,식사,미분류,(주)아워홈콘티넨탈세종점,-1200.0,MG+ S 하나카드,
하유진,2026-01-12,지출,식사,미분류,(주)아워홈콘티넨탈세종점,-2050.0,네이버페이 간편결제,
하유진,2026-01-13,지출,카페/간식,미분류,89컴퍼니,-22800.0,네이버페이 간편결제,
하유진,2026-01-13,지출,식사,미분류,(주)아워홈콘티넨탈세종점,-1200.0,네이버페이 간편결제,
하유진,2026-01-14,지출,식사,미분류,(주)아워홈콘티넨탈세종점,-1200.0,네이버페이 간편결제,
하유진,2026-01-14,지출,미분류,미분류,금융결제원 인터넷지로,-138150.0,네이버페이 간편결제,
천세원,2026-01-14,이체,이체,미분류,자동차세(자동,-145050.0,저축예금,
천세원,2026-01-15,지출,금융,은행,SKB6522025232,-16500.0,저축예금,
하유진,2026-01-15,이체,이체,미분류,여민전,-300000.0,KB마이핏통장,
하유진,2026-01-15,지출,주거/통신,미분류,민팃,-5900.0,네이버 현대카드,
하유진,2026-01-15,지출,식사,미분류,(주)아워홈콘티넨탈세종점,-1200.0,네이버페이 간편결제,
천세원,2026-01-15,이체,이체,미분류,여민전,-300000.0,저축예금,
하유진,2026-01-16,이체,이체,미분류,송금 내역,-47500.0,카카오페이 머니,
하유진,2026-01-16,지출,식사,미분류,(주)아워홈콘티넨탈세종점,-1200.0,네이버페이 간편결제,
하유진,2026-01-16,지출,식사,미분류,요기요,-11136.0,네이버페이 간편결제,
하유진,2026-01-16,지출,식사,미분류,요기요,-16164.0,네이버페이 간편결제(포인트),
하유진,2026-01-17,이체,이체,미분류,김광현,-100000.0,KB마이핏통장,
하유진,2026-01-17,지출,생활,미분류,이마트세종점,-163600.0,네이버 현대카드,
하유진,2026-01-17,이체,이체,미분류,안미남,1000000.0,KB마이핏통장,
하유진,2026-01-19,지출,식사,미분류,(주)아워홈콘티넨탈세종점,-1200.0,네이버페이 간편결제,
하유진,2026-01-19,지출,생활,미분류,홈케어닥터,-17000.0,네이버페이 간편결제,
하유진,2026-01-20,지출,식사,미분류,(주)아워홈콘티넨탈세종점,-1200.0,네이버페이 간편결제,
하유진,2026-01-20,이체,이체,미분류,안정한,2000000.0,KB마이핏통장,
하유진,2026-01-21,지출,주거/통신,미분류,국민은행LiivM,-28500.0,KB국민 nori 체크카드(RF),
하유진,2026-01-21,이체,현금,미분류,현대카드,10000.0,KB마이핏통장,
하유진,2026-01-21,지출,자동차,미분류,행복주유소,-60000.0,세종 여민전 하나멤버스 1Q체크카드(후불교통),
하유진,2026-01-21,지출,식사,미분류,(주)아워홈콘티넨탈세종점,-1200.0,네이버페이 간편결제,
하유진,2026-01-21,이체,이체,미분류,송금 내역,-41750.0,카카오페이 머니,
천세원,2026-01-21,지출,자동차,차량보험,DB손13901,-35950.0,저축예금,
천세원,2026-01-21,지출,주거/통신,휴대폰,국민은행LiivM,-41160.0,KB마이핏통장,
하유진,2026-01-22,지출,식사,미분류,(주)아워홈콘티넨탈세종점,-1250.0,네이버페이 간편결제,
하유진,2026-01-22,지출,술/유흥,미분류,대복상회,-4000.0,세종 여민전 하나멤버스 1Q체크카드(후불교통),
하유진,2026-01-22,지출,생활,미분류,세종전자담배마켓,-160000.0,세종 여민전 하나멤버스 1Q체크카드(후불교통),
천세원,2026-01-23,수입,급여,미분류,급여 아우모비오,5788617.0,저축예금,
하유진,2026-01-23,지출,식사,미분류,요기요,-10.0,네이버페이 간편결제(포인트),
하유진,2026-01-23,지출,식사,미분류,요기요,-37527.0,네이버페이 간편결제,
하유진,2026-01-23,지출,식사,미분류,(주)아워홈콘티넨탈세종점,-3000.0,네이버페이 간편결제,
하유진,2026-01-23,지출,문화/여가,미분류,네이버플러스멤버십,-2801.0,네이버페이 간편결제(포인트),
하유진,2026-01-23,지출,문화/여가,미분류,네이버플러스멤버십,-5199.0,네이버페이 간편결제,
하유진,2026-01-23,수입,급여,미분류,급여 아우모비오,5014892.0,KB마이핏통장,
천세원,2026-01-23,이체,내계좌이체,미분류,LH천세원,-676140.0,저축예금,
천세원,2026-01-23,이체,카드대금,미분류,농협(주)태룡에스디,-25070.0,저축예금,
하유진,2026-01-24,지출,문화/여가,미분류,주식회사 카카오,-990.0,카카오페이 간편결제,
하유진,2026-01-24,지출,카페/간식,미분류,메종루이,-35000.0,네이버페이 간편결제,
하유진,2026-01-24,지출,카페/간식,미분류,메가MGC(인증)(1)_CJ올리브,-100.0,MG+ S 하나카드,
하유진,2026-01-24,수입,금융수입,미분류,이자,0.0,MY 입출금통장,
하유진,2026-01-24,수입,금융수입,미분류,입출금통장 이자,9.0,입출금통장,
하유진,2026-01-24,이체,저축,미분류,정기이자 입금,1.0,세이프박스,
하유진,2026-01-24,지출,생활,미분류,지에스25 시지베스트점,-700.0,네이버페이 간편결제,
천세원,2026-01-24,수입,금융수입,미분류,이자,0.0,MY 입출금통장,
천세원,2026-01-24,지출,금융,증권/투자,0928I64G04067,-100000.0,저축예금,
천세원,2026-01-24,지출,금융,증권/투자,0928I64G04065,-300000.0,저축예금,
하유진,2026-01-25,이체,이체,미분류,이시열,-100000.0,KB마이핏통장,
하유진,2026-01-26,지출,생활,미분류,한화손02건,-108663.0,KB마이핏통장,
천세원,2026-01-26,이체,카드대금,미분류,신한카드,-498376.0,저축예금,
천세원,2026-01-26,이체,이체,미분류,농협새뜸마을7단지입,-309280.0,저축예금,
천세원,2026-01-26,이체,내계좌이체,미분류,입금 내역,300000.0,KB스타적금II,
천세원,2026-01-26,이체,내계좌이체,미분류,"80350300100418  ,12회차",-300000.0,KB마이핏통장,
천세원,2026-01-26,지출,금융,보험,메리츠001건,-36120.0,저축예금,
하유진,2026-01-26,이체,미분류,미분류,입금 내역,10018418.0,KB마이핏통장,
천세원,2026-01-26,이체,이체,미분류,삼성히어링,-17800.0,저축예금,
하유진,2026-01-27,지출,생활,미분류,장기종합건재,-11200.0,네이버페이 간편결제,
하유진,2026-01-27,지출,식사,미분류,(주)아워홈콘티넨탈세종점,-1200.0,네이버페이 간편결제,
하유진,2026-01-27,지출,생활,미분류,지에스25 세종으뜸점,-17540.0,세종 여민전 하나멤버스 1Q체크카드(후불교통),
천세원,2026-01-27,이체,내계좌이체,미분류,퇴직연금-천세원,-100000.0,저축예금,
하유진,2026-01-28,지출,식사,미분류,(주)아워홈콘티넨탈세종점,-1200.0,네이버페이 간편결제,
하유진,2026-01-29,지출,식사,미분류,(주)아워홈콘티넨탈세종점,-2240.0,네이버페이 간편결제,
하유진,2026-01-29,지출,식사,미분류,세종화백곰탕 냉면 홈플러스 세종,-26000.0,세종 여민전 하나멤버스 1Q체크카드(후불교통),
하유진,2026-01-29,지출,식사,미분류,(주)아워홈콘티넨탈세종점,-1200.0,네이버페이 간편결제,
하유진,2026-01-30,지출,식사,미분류,(주)우아한형제들,-15720.0,네이버페이 간편결제,
하유진,2026-01-30,지출,생활,미분류,지에스25 세종으뜸점,-13000.0,세종 여민전 하나멤버스 1Q체크카드(후불교통),
하유진,2026-01-30,지출,식사,미분류,(주)우아한형제들,-280.0,네이버페이 간편결제(포인트),
하유진,2026-01-30,지출,생활,미분류,(주)아성다이소,-4000.0,네이버페이 간편결제,
하유진,2026-01-30,이체,이체,미분류,윤관식,-2570000.0,KB마이핏통장,
하유진,2026-01-30,지출,카페/간식,미분류,메가MGC(인증)(1)_CJ올리브,-4000.0,MG+ S 하나카드,
하유진,2026-01-30,지출,생활,미분류,이마트세종점,-5700.0,네이버페이 간편결제,
천세원,2026-01-30,이체,이체,미분류,신한신서연,-450000.0,저축예금,
하유진,2026-01-31,지출,식사,미분류,(주)우아한형제들,-30000.0,네이버페이 간편결제,
하유진,2026-01-31,지출,식사,미분류,미소야 새롬점,-23500.0,세종 여민전 하나멤버스 1Q체크카드(후불교통),
하유진,2026-01-31,이체,미분류,미분류,최임규(아라익스프레,-1350000.0,KB마이핏통장,
천세원,2026-01-31,이체,현금,미분류,농협김혜영,-100000.0,저축예금,
하유진,2026-01-31,이체,미분류,미분류,하유진,-150000.0,KB마이핏통장,
하유진,2026-01-31,지출,생활,미분류,라잇홈,-27000.0,네이버페이 간편결제,
하유진,2026-02-01,이체,이체,미분류,강미나,-1350000.0,KB마이핏통장,
하유진,2026-02-01,이체,미분류,미분류,당근페이,-10000.0,KB마이핏통장,
하유진,2026-02-01,이체,이체,미분류,온누리충전,-45000.0,KB마이핏통장,
하유진,2026-02-01,지출,생활,미분류,마켓세종,-39120.0,네이버 현대카드,
천세원,2026-02-01,이체,이체,미분류,여민전,-300000.0,저축예금,
천세원,2026-02-01,이체,현금,미분류,농협김혜영,-40000.0,저축예금,
하유진,2026-02-01,이체,이체,미분류,여민전,-300000.0,KB마이핏통장,
하유진,2026-02-02,이체,저축,미분류,안미남-월세,1050000.0,KB마이핏통장,
하유진,2026-02-02,지출,식사,미분류,(주)아워홈콘티넨탈세종점,-1200.0,네이버페이 간편결제,
하유진,2026-02-02,이체,이체,미분류,안정한,27000000.0,KB마이핏통장,
하유진,2026-02-02,이체,이체,미분류,전아영(이루다공인중,-445500.0,KB마이핏통장,
하유진,2026-02-02,이체,이체,미분류,새뜸마을7단지입주자,-354870.0,KB마이핏통장,
하유진,2026-02-02,지출,식사,미분류,(주)아워홈콘티넨탈세종점,-850.0,네이버페이 간편결제,
천세원,2026-02-03,이체,이체,미분류,하유진,45000000.0,저축예금,
천세원,2026-02-03,이체,내계좌이체,미분류,국민LH천세원,-60000000.0,저축예금,
하유진,2026-02-03,이체,이체,미분류,천세원,-45000000.0,KB마이핏통장,
하유진,2026-02-03,지출,식사,미분류,(주)아워홈콘티넨탈세종점,-850.0,네이버페이 간편결제,
하유진,2026-02-03,지출,식사,미분류,(주)아워홈콘티넨탈세종점,-1200.0,네이버페이 간편결제,
하유진,2026-02-03,지출,식사,미분류,점빵아저씨,-35600.0,네이버페이 간편결제,
하유진,2026-02-03,지출,자동차,미분류,행복주유소,-60000.0,세종 여민전 하나멤버스 1Q체크카드(후불교통),
하유진,2026-02-03,지출,식사,미분류,코스트코코리아,-166500.0,네이버페이 간편결제,
하유진,2026-02-04,지출,식사,미분류,(주)아워홈콘티넨탈세종점,-1200.0,네이버페이 간편결제,
하유진,2026-02-04,지출,문화/여가,미분류,ALIPAY CONNECT PTE. LTD,-10783.0,카카오페이 간편결제,
하유진,2026-02-04,지출,문화/여가,미분류,ALIPAY CONNECT PTE. LTD,-5450.0,카카오페이 간편결제,
하유진,2026-02-05,이체,이체,미분류,천세원,-1000000.0,KB마이핏통장,
천세원,2026-02-05,이체,이체,미분류,하유진,1000000.0,저축예금,
천세원,2026-02-05,지출,금융,증권/투자,하나주식회사우드스토,-2480000.0,저축예금,
천세원,2026-02-06,이체,이체,미분류,박보현,10000.0,저축예금,
하유진,2026-02-06,지출,식사,미분류,(주)아워홈콘티넨탈세종점,-1200.0,네이버페이 간편결제,
하유진,2026-02-06,이체,미분류,미분류,당근페이,-20100.0,KB마이핏통장,
하유진,2026-02-07,수입,미분류,미분류,Points Expired,-2191.0,페이코포인트,
하유진,2026-02-07,이체,이체,미분류,온누리충전,-36000.0,KB마이핏통장,
하유진,2026-02-07,지출,생활,미분류,마켓세종,-46080.0,네이버 현대카드,
하유진,2026-02-09,지출,식사,미분류,(주)아워홈콘티넨탈세종점,-850.0,네이버페이 간편결제,
하유진,2026-02-09,이체,이체,미분류,온누리충전,-819000.0,KB마이핏통장,
하유진,2026-02-09,지출,식사,미분류,(주)아워홈콘티넨탈세종점,-1200.0,네이버페이 간편결제,
하유진,2026-02-10,지출,식사,미분류,(주)아워홈콘티넨탈세종점,-1200.0,네이버페이 간편결제,
천세원,2026-02-11,수입,용돈,미분류,대출금입금,20000000.0,저축예금,
천세원,2026-02-11,이체,저축,미분류,예금해지,9989070.0,저축예금,
천세원,2026-02-11,이체,내계좌이체,미분류,국민LH천세원,-21000000.0,저축예금,
천세원,2026-02-11,이체,내계좌이체,미분류,삼성천세원,-4000000.0,저축예금,
천세원,2026-02-11,지출,금융,이자/대출,대출제부대비용,-7220.0,저축예금,
천세원,2026-02-11,수입,급여,미분류,상여 아우모비오,200000.0,저축예금,
하유진,2026-02-11,지출,생활,미분류,지에스25 부강산단점,-8900.0,세종 여민전 하나멤버스 1Q체크카드(후불교통),
하유진,2026-02-11,지출,식사,미분류,(주)아워홈콘티넨탈세종점,-1200.0,네이버페이 간편결제,
하유진,2026-02-11,수입,급여,미분류,상여 아우모비오,200000.0,KB마이핏통장,
하유진,2026-02-12,지출,식사,미분류,짱야 옛날통닭,-20500.0,세종 여민전 하나멤버스 1Q체크카드(후불교통),
하유진,2026-02-12,지출,식사,미분류,(주)아워홈콘티넨탈세종점,-1200.0,네이버페이 간편결제,
하유진,2026-02-12,지출,자동차,미분류,행복주유소,-50000.0,세종 여민전 하나멤버스 1Q체크카드(후불교통),
하유진,2026-02-12,이체,카드대금,미분류,현대카드대금,-508974.0,KB마이핏통장,
천세원,2026-02-13,지출,금융,세금/과태료,국민하유진,-12000000.0,저축예금,
천세원,2026-02-13,이체,저축,미분류,사내근로복지기금,8000000.0,저축예금,
하유진,2026-02-13,이체,저축,미분류,사내근로복지기금,8000000.0,KB마이핏통장,
하유진,2026-02-13,이체,이체,미분류,천세원,12000000.0,KB마이핏통장,
하유진,2026-02-13,지출,생활,미분류,(주)마켓세종,-48490.0,네이버페이 간편결제,
하유진,2026-02-13,지출,자동차,미분류,정훈카전문정비,-60000.0,세종 여민전 하나멤버스 1Q체크카드(후불교통),
하유진,2026-02-13,지출,생활,미분류,세종전자담배마켓,-45000.0,세종 여민전 하나멤버스 1Q체크카드(후불교통),
천세원,2026-02-14,이체,현금,미분류,092I799G04203,-300000.0,저축예금,
하유진,2026-02-14,지출,생활,미분류,옥천(부산방향)휴게소 KIS정보통신,-20000.0,네이버페이 간편결제,
하유진,2026-02-14,지출,생활,미분류,세븐일레븐 세종가온9단지점,-5600.0,네이버페이 간편결제,
하유진,2026-02-14,이체,미분류,미분류,입금 내역,2067.0,KB마이핏통장,
천세원,2026-02-14,이체,미분류,미분류,입금 내역,487.0,KB마이핏통장,
하유진,2026-02-14,지출,생활,미분류,옥천(부산방향)휴게소 KIS정보통신,-4000.0,네이버페이 간편결제,
천세원,2026-02-14,지출,금융,증권/투자,092I799G04205,-100000.0,저축예금,
하유진,2026-02-15,지출,식사,미분류,코스트코코리아,-194930.0,네이버페이 간편결제,
하유진,2026-02-15,지출,생활,미분류,씨유(CU)의성다인점,-5300.0,네이버페이 간편결제,
하유진,2026-02-15,지출,카페/간식,미분류,빽다방 삼성현공원점,-9700.0,네이버페이 간편결제,
하유진,2026-02-16,지출,카페/간식,미분류,매머드익스프레스 응암대림시장점,-3200.0,네이버페이 간편결제,
하유진,2026-02-16,지출,문화/여가,미분류,ALIPAY CONNECT PTE. LTD,-15800.0,카카오페이 간편결제,
천세원,2026-02-17,이체,내계좌이체,미분류,출금 내역,-3679453.0,KB스타적금II,
하유진,2026-02-17,지출,생활,미분류,이마트세종점,-163600.0,네이버 현대카드,
천세원,2026-02-17,이체,내계좌이체,미분류,만기자동해지803503-00-100418,3679453.0,KB마이핏통장,
하유진,2026-02-18,지출,식사,미분류,요기요,-6665.0,네이버페이 간편결제(포인트),
하유진,2026-02-18,지출,식사,미분류,요기요,-17790.0,네이버페이 간편결제,
천세원,2026-02-19,지출,금융,은행,SKB6522025232,-16500.0,저축예금,
하유진,2026-02-19,지출,식사,미분류,온기,-43000.0,세종 여민전 하나멤버스 1Q체크카드(후불교통),
하유진,2026-02-19,지출,식사,미분류,코스트코코리아,-365860.0,네이버페이 간편결제,
하유진,2026-02-19,지출,의복/미용,미분류,(주)코리아세븐청주롯데아울,-2500.0,네이버페이 간편결제,
하유진,2026-02-19,지출,의복/미용,미분류,롯데쇼핑(주)아울렛청주점,-113000.0,네이버페이 간편결제,
하유진,2026-02-19,지출,주거/통신,미분류,민팃,-5900.0,네이버 현대카드,
하유진,2026-02-20,지출,카페/간식,미분류,연분식,-2000.0,세종 여민전 하나멤버스 1Q체크카드(후불교통),
하유진,2026-02-20,지출,생활,미분류,(주)마켓세종,-34890.0,네이버페이 간편결제,
하유진,2026-02-20,지출,생활,미분류,영원라이팅,-1222.0,네이버페이 간편결제(포인트),
하유진,2026-02-20,지출,생활,미분류,영원라이팅,-112378.0,네이버페이 간편결제,
하유진,2026-02-22,지출,생활,미분류,비츠조명,-6.0,네이버페이 간편결제(포인트),
하유진,2026-02-22,지출,생활,미분류,비츠조명,-83994.0,네이버페이 간편결제,
천세원,2026-02-23,지출,주거/통신,휴대폰,국민은행LiivM,-41590.0,KB마이핏통장,
천세원,2026-02-23,지출,자동차,차량보험,DB손14002,-35950.0,저축예금,
천세원,2026-02-23,이체,내계좌이체,미분류,천세원,1000000.0,저축예금,
천세원,2026-02-23,지출,금융,은행,예금신규,-500000.0,저축예금,
하유진,2026-02-23,지출,식사,미분류,(주)아워홈콘티넨탈세종점,-1200.0,네이버페이 간편결제,
하유진,2026-02-23,지출,문화/여가,미분류,네이버플러스멤버십,-8000.0,네이버페이 간편결제,
하유진,2026-02-23,지출,주거/통신,미분류,국민은행LiivM,-28500.0,KB국민 nori 체크카드(RF),
하유진,2026-02-23,지출,문화/여가,미분류,네이버플러스멤버십,-4898.0,네이버페이 간편결제,
하유진,2026-02-23,지출,미분류,미분류,네이버플러스멤버십,-2.0,네이버페이 간편결제(포인트),
천세원,2026-02-23,이체,내계좌이체,미분류,천세원,-1000000.0,KB마이핏통장,
하유진,2026-02-23,지출,문화/여가,미분류,ALIPAY CONNECT PTE. LTD,1650.0,카카오페이 간편결제,
하유진,2026-02-23,지출,식사,미분류,메콩타이 세종나성점,-29800.0,세종 여민전 하나멤버스 1Q체크카드(후불교통),
하유진,2026-02-24,이체,이체,미분류,김광현,-700000.0,KB마이핏통장,
하유진,2026-02-24,지출,식사,미분류,(주)아워홈콘티넨탈세종점,-1200.0,네이버페이 간편결제,
하유진,2026-02-24,지출,카페/간식,미분류,주식회사 카카오,-990.0,카카오페이 간편결제,
하유진,2026-02-24,지출,식사,미분류,(주)아워홈콘티넨탈세종점,-1300.0,네이버페이 간편결제,
천세원,2026-02-24,이체,내계좌이체,미분류,천세원,-1000000.0,KB마이핏통장,
천세원,2026-02-24,이체,내계좌이체,미분류,천세원,1000000.0,저축예금,
천세원,2026-02-25,수입,급여,미분류,급여 아우모비오,3412077.0,저축예금,
하유진,2026-02-25,이체,대출,미분류,천세원_생활비,3000000.0,KB마이핏통장,
하유진,2026-02-25,지출,식사,미분류,(주)아워홈콘티넨탈세종점,-1200.0,네이버페이 간편결제,
하유진,2026-02-25,지출,생활,미분류,한화손02건,-108663.0,KB마이핏통장,
천세원,2026-02-25,이체,카드대금,미분류,신한카드,-921674.0,저축예금,
천세원,2026-02-25,지출,금융,보험,메리츠001건,-36120.0,저축예금,
하유진,2026-02-25,수입,급여,미분류,급여 아우모비오,3988376.0,KB마이핏통장,
천세원,2026-02-25,지출,금융,이자/대출,국민하유진_생활비,-3000000.0,저축예금,
천세원,2026-02-26,이체,이체,미분류,삼성히어링,-17800.0,저축예금,
천세원,2026-02-27,이체,내계좌이체,미분류,퇴직연금-천세원,-100000.0,저축예금,
하유진,2026-02-27,지출,생활,미분류,세븐일레븐 세종가온9단지점,-5400.0,네이버페이 간편결제,
하유진,2026-02-27,이체,이체,미분류,김광현,-600000.0,KB마이핏통장,
하유진,2026-02-27,지출,식사,미분류,(주)아워홈콘티넨탈세종점,-4300.0,네이버페이 간편결제,
천세원,2026-02-27,지출,생활,마트,지에스더프레시세종,-1280.0,KB마이핏통장,
천세원,2026-02-27,이체,현금,미분류,AUMOVIO EL,113110.0,저축예금,
하유진,2026-02-28,지출,식사,미분류,코스트코코리아,-192480.0,네이버페이 간편결제,
하유진,2026-02-28,수입,금융수입,미분류,이자,0.0,MY 입출금통장,
천세원,2026-02-28,이체,이체,미분류,박고은,70000.0,저축예금,
천세원,2026-02-28,수입,금융수입,미분류,이자,0.0,MY 입출금통장,
하유진,2026-02-28,이체,저축,미분류,정기이자 입금,1.0,세이프박스,
하유진,2026-02-28,수입,금융수입,미분류,입출금통장 이자,11.0,입출금통장,
하유진,2026-02-28,지출,생활,미분류,(주)마켓세종,-16060.0,네이버페이 간편결제,
하유진,2026-03-02,이체,저축,미분류,안미남-월세,1050000.0,KB마이핏통장,
하유진,2026-03-02,지출,식사,미분류,요기요,-3418.0,네이버페이 간편결제(포인트),
하유진,2026-03-02,이체,미분류,미분류,하유진,-350000.0,KB마이핏통장,
하유진,2026-03-02,지출,카페/간식,미분류,메가엠지씨커피 세종봉안교차로점,-4000.0,네이버페이 간편결제,
하유진,2026-03-02,이체,이체,미분류,온누리충전,-93000.0,KB마이핏통장,
하유진,2026-03-02,지출,식사,미분류,요기요,-42604.0,네이버페이 간편결제,
하유진,2026-03-02,지출,식사,미분류,초향각,-35000.0,네이버페이 간편결제,
하유진,2026-03-03,이체,이체,미분류,여민전,-300000.0,KB마이핏통장,
하유진,2026-03-03,지출,식사,미분류,(주)아워홈콘티넨탈세종점,-1200.0,네이버페이 간편결제,
하유진,2026-03-03,지출,식사,미분류,(주)아워홈콘티넨탈세종점,-3600.0,네이버페이 간편결제,
천세원,2026-03-03,이체,내계좌이체,미분류,천세원,1000000.0,저축예금,
천세원,2026-03-03,이체,내계좌이체,미분류,천세원,-1000000.0,KB마이핏통장,
천세원,2026-03-03,이체,이체,미분류,여민전,-300000.0,저축예금,
하유진,2026-03-04,지출,식사,미분류,(주)아워홈콘티넨탈세종점,-1200.0,네이버페이 간편결제,
하유진,2026-03-05,지출,자동차,미분류,세종부강농업협동조합 주유소,-40000.0,네이버페이 간편결제,
하유진,2026-03-05,지출,식사,미분류,(주)아워홈콘티넨탈세종점,-1200.0,네이버페이 간편결제,
하유진,2026-03-06,지출,식사,미분류,(주)아워홈콘티넨탈세종점,-2500.0,네이버페이 간편결제,
하유진,2026-03-06,지출,식사,미분류,신대구막창 나성점,-58600.0,세종 여민전 하나멤버스 1Q체크카드(후불교통),
하유진,2026-03-07,이체,이체,미분류,송금 내역,-100000.0,카카오페이 머니,
하유진,2026-03-07,지출,교통,미분류,결제대행(3)_나이스,15000.0,MG+ S 하나카드,
하유진,2026-03-07,지출,식사,미분류,야키(yaki),-22000.0,세종 여민전 하나멤버스 1Q체크카드(후불교통),
하유진,2026-03-07,지출,교통,미분류,결제대행(3)_나이스,-13000.0,MG+ S 하나카드,
하유진,2026-03-07,지출,교통,미분류,결제대행(3)_나이스,13000.0,MG+ S 하나카드,
하유진,2026-03-07,지출,교통,미분류,결제대행(3)_나이스,-15000.0,MG+ S 하나카드,
천세원,2026-03-09,지출,카페/간식,커피/음료,카카신영옥,-90000.0,저축예금,
하유진,2026-03-09,지출,식사,미분류,(주)아워홈콘티넨탈세종점,-1200.0,네이버페이 간편결제,
하유진,2026-03-09,이체,투자,미분류,비플581,1.0,KB마이핏통장,
하유진,2026-03-09,지출,식사,미분류,차이니스루,-25000.0,세종 여민전 하나멤버스 1Q체크카드(후불교통),
하유진,2026-03-10,지출,자동차,미분류,하이패스3191,-50000.0,KB마이핏통장,
하유진,2026-03-10,지출,식사,미분류,(주)아워홈콘티넨탈세종점,-1200.0,네이버페이 간편결제,
하유진,2026-03-10,지출,교통,미분류,고속버스 티머니,-18000.0,네이버페이 간편결제,
하유진,2026-03-11,지출,식사,미분류,(주)아워홈콘티넨탈세종점,-1200.0,네이버페이 간편결제,
천세원,2026-03-11,지출,주거/통신,휴대폰,1203502442783,-70268.0,저축예금,
하유진,2026-03-12,지출,자동차,미분류,세종부강농업협동조합 주유소,-40000.0,네이버페이 간편결제,
하유진,2026-03-12,지출,생활,미분류,세븐일레븐 세종가온9단지점,-25040.0,네이버페이 간편결제,
하유진,2026-03-12,이체,카드대금,미분류,현대카드대금,-906686.0,KB마이핏통장,
천세원,2026-03-13,지출,주거/통신,휴대폰,0204858040085,-500000.0,저축예금,
하유진,2026-03-13,지출,식사,미분류,요기요,-6.0,네이버페이 간편결제(포인트),
하유진,2026-03-13,지출,식사,미분류,등촌샤브칼국수 세종본점,-28000.0,세종 여민전 하나멤버스 1Q체크카드(후불교통),
하유진,2026-03-13,지출,문화/여가,미분류,Steam Purchase         425-952-2985  DEU,-27530.0,MG+ S 하나카드,
하유진,2026-03-13,지출,의료/건강,미분류,서산부인과,-140000.0,네이버페이 간편결제,
하유진,2026-03-13,이체,이체,미분류,하*헌,135000.0,카카오페이 머니,
하유진,2026-03-13,지출,교통,미분류,고속버스 티머니,-13900.0,네이버페이 간편결제,
하유진,2026-03-13,지출,교통,미분류,고속버스 티머니,18000.0,네이버페이 간편결제,
하유진,2026-03-13,지출,식사,미분류,요기요,-30058.0,네이버페이 간편결제,
하유진,2026-03-13,지출,교통,미분류,고속버스 티머니,-13900.0,네이버페이 간편결제,
하유진,2026-03-15,지출,식사,미분류,코스트코코리아,-236270.0,네이버페이 간편결제,
천세원,2026-03-16,지출,금융,은행,SKB6522025232,-52800.0,저축예금,
하유진,2026-03-16,지출,교통,미분류,전국고속버스운송사업조합,18000.0,MG+ S 하나카드,
하유진,2026-03-16,지출,식사,미분류,마켓경기,-30031.0,네이버페이 간편결제,
하유진,2026-03-16,지출,식사,미분류,마켓경기,-839.0,네이버페이 간편결제(포인트),
하유진,2026-03-16,지출,주거/통신,미분류,민팃,-5900.0,네이버 현대카드,
하유진,2026-03-16,이체,현금,미분류,AUMOVIO EL,240800.0,KB마이핏통장,
하유진,2026-03-17,지출,생활,미분류,주식회사 스마트로,-23200.0,카카오페이 간편결제,
하유진,2026-03-18,지출,식사,미분류,(주)아워홈콘티넨탈세종점,-1200.0,네이버페이 간편결제,
하유진,2026-03-19,이체,이체,미분류,송금 내역,-26885.0,카카오페이 머니,
하유진,2026-03-19,지출,식사,미분류,(주)아워홈콘티넨탈세종점,-1200.0,네이버페이 간편결제,
하유진,2026-03-19,이체,이체,미분류,김경희,130000.0,KB마이핏통장,
하유진,2026-03-19,이체,현금,미분류,현대카드,10000.0,KB마이핏통장,
하유진,2026-03-19,지출,생활,미분류,세븐일레븐 세종가온9단지점,-5400.0,네이버페이 간편결제,
하유진,2026-03-20,지출,식사,미분류,부강짬뽕집,-18000.0,세종 여민전 하나멤버스 1Q체크카드(후불교통),
하유진,2026-03-20,지출,카페/간식,미분류,컴포즈커피세종부강점,-3600.0,네이버 현대카드,
하유진,2026-03-20,지출,생활,미분류,마켓세종,-35070.0,네이버페이 간편결제,
천세원,2026-03-21,수입,금융수입,미분류,예금결산이자,1900.0,저축예금,
하유진,2026-03-21,지출,카페/간식,미분류,핸드카드,-23000.0,네이버페이 간편결제,
하유진,2026-03-21,이체,이체,미분류,송금 내역,-14900.0,카카오페이 머니,
하유진,2026-03-21,지출,의료/건강,미분류,여름의원,-1089000.0,네이버페이 간편결제,
하유진,2026-03-21,이체,저축,미분류,예금결산이자,0.0,저축예금,
하유진,2026-03-21,이체,이체,미분류,*****,1.0,신한 주거래 S20통장,
하유진,2026-03-22,지출,교통,미분류,티머니 버스,-1500.0,MG+ S 하나카드,
하유진,2026-03-22,지출,미분류,미분류,NHNKCP,-1000.0,네이버페이 간편결제,
하유진,2026-03-22,지출,교통,미분류,티머니 버스,-100.0,MG+ S 하나카드,
하유진,2026-03-22,지출,교통,미분류,티머니 지하철,-1550.0,MG+ S 하나카드,
하유진,2026-03-22,지출,교통,미분류,티머니 지하철,-1550.0,MG+ S 하나카드,
하유진,2026-03-22,지출,의복/미용,미분류,핫슈템,-296.0,네이버페이 간편결제(포인트),
하유진,2026-03-22,지출,의복/미용,미분류,핫슈템,-15304.0,네이버페이 간편결제,
천세원,2026-03-23,지출,주거/통신,휴대폰,국민은행LiivM,-32900.0,KB마이핏통장,
천세원,2026-03-23,지출,금융,보험,DB손14103,-35950.0,저축예금,
하유진,2026-03-23,지출,식사,미분류,(주)아워홈콘티넨탈세종점,-1200.0,네이버페이 간편결제,
하유진,2026-03-23,지출,주거/통신,미분류,국민은행LiivM,-28500.0,KB국민 nori 체크카드(RF),
하유진,2026-03-23,지출,문화/여가,미분류,네이버플러스멤버십,-8000.0,네이버페이 간편결제,
천세원,2026-03-24,지출,카페/간식,커피/음료,복도리카페,-10000.0,KB마이핏통장,
하유진,2026-03-24,지출,카페/간식,미분류,주식회사 카카오,-990.0,카카오페이 간편결제,
하유진,2026-03-24,지출,식사,미분류,(주)아워홈콘티넨탈세종점,-1200.0,네이버페이 간편결제,
천세원,2026-03-25,이체,카드대금,미분류,신한카드,-1023425.0,저축예금,
하유진,2026-03-25,지출,생활,미분류,한화손02건,-108663.0,KB마이핏통장,
하유진,2026-03-25,지출,식사,미분류,아워홈콘티넨탈세종점,-1200.0,네이버페이 간편결제,
하유진,2026-03-25,이체,대출,미분류,천세원_생활비,3000000.0,KB마이핏통장,
하유진,2026-03-25,수입,급여,미분류,급여 아우모비오,4020431.0,KB마이핏통장,
하유진,2026-03-25,지출,여행/숙박,미분류,CEBU AIR INC           Pasay City    PHL,-968879.0,MG+ S 하나카드,
천세원,2026-03-25,지출,금융,보험,메리츠001건,-36120.0,저축예금,
천세원,2026-03-25,이체,내계좌이체,미분류,2회-천세원,-500000.0,저축예금,
천세원,2026-03-25,수입,급여,미분류,급여 아우모비오,4506226.0,저축예금,
천세원,2026-03-25,지출,금융,이자/대출,국민하유진_생활비,-3000000.0,저축예금,
천세원,2026-03-26,이체,이체,미분류,삼성히어링,-17800.0,저축예금,
하유진,2026-03-26,지출,식사,미분류,(주)아워홈콘티넨탈세종점,-3600.0,네이버페이 간편결제,
하유진,2026-03-26,지출,의료/건강,미분류,초목한의원,-10000.0,세종 여민전 하나멤버스 1Q체크카드(후불교통),
하유진,2026-03-27,지출,식사,미분류,(주)아워홈콘티넨탈세종점,-6900.0,네이버페이 간편결제,
천세원,2026-03-27,이체,내계좌이체,미분류,퇴직연금-천세원,-100000.0,저축예금,
하유진,2026-03-27,지출,식사,미분류,(주)아워홈콘티넨탈세종점,-1200.0,네이버페이 간편결제,
하유진,2026-03-27,지출,식사,미분류,(주)아워홈콘티넨탈세종점,-800.0,네이버페이 간편결제,
하유진,2026-03-28,수입,금융수입,미분류,결산이자,0.0,자립예탁금,
하유진,2026-03-28,이체,저축,미분류,정기이자 입금,1.0,세이프박스,
하유진,2026-03-28,수입,금융수입,미분류,입출금통장 이자,9.0,입출금통장,
하유진,2026-03-28,수입,금융수입,미분류,이자,0.0,MY 입출금통장,
천세원,2026-03-28,이체,내계좌이체,미분류,경찰청_천세원,-40000.0,저축예금,
천세원,2026-03-28,수입,금융수입,미분류,이자,0.0,MY 입출금통장,
하유진,2026-03-28,지출,의료/건강,미분류,서산부인과,-28600.0,네이버페이 간편결제,
하유진,2026-03-28,수입,금융수입,미분류,결산이자,0.0,자립예탁금,
하유진,2026-03-29,이체,미분류,미분류,입금 내역,1.0,NH1934우대통장(저축예금),
하유진,2026-03-29,지출,식사,미분류,요기요,-22630.0,네이버페이 간편결제,
하유진,2026-03-29,지출,식사,미분류,요기요,-883.0,네이버페이 간편결제(포인트),
천세원,2026-03-29,이체,미분류,미분류,입금 내역,0.0,자립예탁금,
하유진,2026-03-30,지출,식사,미분류,(주)아워홈콘티넨탈세종점,-850.0,네이버페이 간편결제,
하유진,2026-03-30,지출,식사,미분류,(주)아워홈콘티넨탈세종점,-1200.0,네이버페이 간편결제,
하유진,2026-03-31,지출,식사,미분류,(주)아워홈콘티넨탈세종점,-1300.0,네이버페이 간편결제,
하유진,2026-03-31,지출,식사,미분류,(주)아워홈콘티넨탈세종점,-1200.0,네이버페이 간편결제,
하유진,2026-03-31,지출,식사,미분류,코스트코코리아,-9700.0,네이버페이 간편결제,
천세원,2026-03-31,이체,내계좌이체,미분류,천세원,-500000.0,KB마이핏통장,
하유진,2026-03-31,지출,식사,미분류,코스트코코리아,-219840.0,네이버페이 간편결제,
하유진,2026-04-01,지출,여행/숙박,미분류,여기어때_국내숙소,-65000.0,네이버페이 간편결제,
하유진,2026-04-01,지출,자동차,미분류,행복주유소,-80000.0,세종 여민전 하나멤버스 1Q체크카드(후불교통),
하유진,2026-04-01,지출,식사,미분류,(주)아워홈콘티넨탈세종점,-1200.0,네이버페이 간편결제,
천세원,2026-04-01,이체,이체,미분류,여민전,-300000.0,저축예금,
하유진,2026-04-01,지출,문화/여가,미분류,ALIPAY CONNECT PTE. LTD,-108039.0,카카오페이 간편결제,
하유진,2026-04-01,이체,이체,미분류,여민전,-300000.0,KB마이핏통장,
하유진,2026-04-02,지출,식사,미분류,(주)아워홈콘티넨탈세종점,-2900.0,네이버페이 간편결제,
하유진,2026-04-02,이체,저축,미분류,안미남-월세,1050000.0,KB마이핏통장,
하유진,2026-04-02,이체,미분류,미분류,하유진,-750000.0,KB마이핏통장,
하유진,2026-04-03,지출,식사,미분류,벽돌곱창 나성점,-103000.0,세종 여민전 하나멤버스 1Q체크카드(후불교통),
하유진,2026-04-03,지출,카페/간식,미분류,배스킨라빈스세종나성점,-2800.0,네이버페이 간편결제,
하유진,2026-04-04,지출,의료/건강,미분류,서산부인과,-4800.0,네이버페이 간편결제,
하유진,2026-04-05,이체,이체,미분류,천세원,-500000.0,KB마이핏통장,
하유진,2026-04-05,지출,생활,미분류,지에스더프레시세종가온마을점,-3980.0,네이버페이 간편결제,
하유진,2026-04-05,지출,카페/간식,미분류,카페스톤(CAFE STONE),-11000.0,세종 여민전 하나멤버스 1Q체크카드(후불교통),
하유진,2026-04-05,지출,식사,미분류,산장가든,-51000.0,네이버페이 간편결제,
천세원,2026-04-05,이체,투자,미분류,하유진-옷사,500000.0,저축예금,
하유진,2026-04-06,지출,식사,미분류,(주)아워홈콘티넨탈세종점,-1200.0,네이버페이 간편결제,
하유진,2026-04-06,지출,경조사,미분류,주식회사 카카오스타일,-41100.0,카카오페이 간편결제,
하유진,2026-04-07,지출,식사,미분류,아워홈콘티넨탈세종점,-2500.0,네이버 현대카드,
천세원,2026-04-08,이체,투자,미분류,임신사전건강관리지,50000.0,저축예금,
하유진,2026-04-08,지출,식사,미분류,아워홈콘티넨탈세종점,-850.0,네이버페이 간편결제,
하유진,2026-04-08,지출,식사,미분류,아워홈콘티넨탈세종점,-1200.0,네이버페이 간편결제,
하유진,2026-04-08,지출,의복/미용,미분류,현대아울렛 대전점,-27000.0,네이버페이 간편결제,
하유진,2026-04-09,지출,주거/통신,미분류,LG유플러스통신요금,-51390.0,네이버 현대카드,
하유진,2026-04-09,지출,식사,미분류,아워홈콘티넨탈세종점,-1200.0,네이버페이 간편결제,
하유진,2026-04-09,지출,식사,미분류,짱야 옛날통닭,-35500.0,세종 여민전 하나멤버스 1Q체크카드(후불교통),
하유진,2026-04-09,지출,카페/간식,미분류,우리동네 아이스크림 할인점,-4200.0,세종 여민전 하나멤버스 1Q체크카드(후불교통),
하유진,2026-04-10,지출,식사,미분류,희락 제1작업실,-414.0,네이버페이 간편결제(포인트),
하유진,2026-04-10,지출,식사,미분류,희락 제1작업실,-39086.0,네이버페이 간편결제,
하유진,2026-04-10,지출,식사,미분류,학곡리막국수닭갈비,-40000.0,네이버페이 간편결제,
하유진,2026-04-10,지출,술/유흥,미분류,인생건어물,-18000.0,네이버페이 간편결제,
하유진,2026-04-10,지출,생활,미분류,세븐일레븐춘천효자점,-7200.0,네이버페이 간편결제,
하유진,2026-04-11,지출,생활,미분류,이마트에브리데이세종다정점,-32570.0,네이버페이 간편결제,
하유진,2026-04-11,이체,이체,미분류,천세원,200000.0,KB마이핏통장,
하유진,2026-04-11,이체,저축,미분류,8547,1.0,KB마이핏통장,
천세원,2026-04-11,지출,금융,세금/과태료,국민하유진,-200000.0,저축예금,
천세원,2026-04-11,이체,이체,미분류,카카오페이,-77083.0,저축예금,
천세원,2026-04-11,이체,이체,미분류,카카오페이,-301300.0,저축예금,
하유진,2026-04-12,이체,이체,미분류,이승현,15000.0,KB마이핏통장,
하유진,2026-04-13,지출,의복/미용,미분류,ALIPAY CONNECT PTE. LTD,-27850.0,카카오페이 간편결제,
천세원,2026-04-13,지출,주거/통신,휴대폰,1203502442783,-77797.0,저축예금,
하유진,2026-04-13,이체,카드대금,미분류,현대카드대금,-1823620.0,KB마이핏통장,
하유진,2026-04-14,지출,여행/숙박,미분류,여기어때_국내숙소,-279657.0,네이버페이 간편결제,
하유진,2026-04-14,지출,여행/숙박,미분류,여기어때_국내숙소,-1993.0,네이버페이 간편결제(포인트),
하유진,2026-04-14,지출,식사,미분류,아워홈콘티넨탈세종점,-1200.0,네이버페이 간편결제,
하유진,2026-04-15,지출,식사,미분류,컬리N마트,-74930.0,네이버페이 간편결제,
하유진,2026-04-15,지출,주거/통신,미분류,민팃,-5900.0,네이버 현대카드,
하유진,2026-04-15,지출,여행/숙박,미분류,하나카드 주식회사,35280.0,카카오페이 간편결제,
하유진,2026-04-15,지출,여행/숙박,미분류,하나카드 주식회사,-35280.0,카카오페이 간편결제,
하유진,2026-04-15,지출,식사,미분류,아워홈콘티넨탈세종점,-1200.0,네이버페이 간편결제,
하유진,2026-04-15,지출,여행/숙박,미분류,하나카드,-53950.0,네이버페이 간편결제,
하유진,2026-04-16,지출,자동차,미분류,행복주유소,-70000.0,세종 여민전 하나멤버스 1Q체크카드(후불교통),
하유진,2026-04-16,지출,식사,미분류,(주)아워홈콘티넨탈세종점,-1200.0,네이버페이 간편결제,
하유진,2026-04-16,지출,생활,미분류,(주)아성다이소,-27000.0,네이버페이 간편결제,
하유진,2026-04-17,지출,식사,미분류,(주)아워홈 콘티넨탈 세종점,-1200.0,네이버페이 간편결제(포인트),
하유진,2026-04-17,지출,식사,미분류,참치정육점 세종점,-33000.0,세종 여민전 하나멤버스 1Q체크카드(후불교통),
하유진,2026-04-18,지출,식사,미분류,코스트코코리아,-322280.0,네이버페이 간편결제,
하유진,2026-04-19,지출,미분류,미분류,엔에이치엔케이씨피 주식회사,-1000.0,카카오페이 간편결제,
하유진,2026-04-19,이체,이체,미분류,이인성,-6000.0,KB마이핏통장,
하유진,2026-04-20,지출,식사,미분류,(주)아워홈 콘티넨탈 세종점,-1300.0,네이버페이 간편결제(포인트),
천세원,2026-04-21,지출,주거/통신,휴대폰,국민은행LiivM,-32900.0,KB마이핏통장,
천세원,2026-04-21,지출,금융,보험,DB손14204,-35950.0,저축예금,
천세원,2026-04-21,이체,내계좌이체,미분류,삼성천세원,-5000000.0,저축예금,
천세원,2026-04-21,이체,내계좌이체,미분류,삼성천세원,-5000000.0,저축예금,
천세원,2026-04-21,지출,온라인쇼핑,결제/충전,온누리충전,-27900.0,저축예금,
천세원,2026-04-21,이체,이체,미분류,하유진,10000000.0,저축예금,
하유진,2026-04-21,지출,카페/간식,미분류,주식회사 카카오,-13120.0,카카오페이 간편결제,
하유진,2026-04-21,지출,주거/통신,미분류,국민은행LiivM,-28500.0,KB국민 nori 체크카드(RF),
하유진,2026-04-21,이체,이체,미분류,천세원,-10000000.0,KB마이핏통장,
하유진,2026-04-21,지출,식사,미분류,(주)아워홈콘티넨탈세종점,-1200.0,네이버페이 간편결제,
하유진,2026-04-22,지출,식사,미분류,(주)아워홈 콘티넨탈 세종점,-1200.0,네이버페이 간편결제(포인트),
천세원,2026-04-22,이체,이체,미분류,토스492,1.0,저축예금,
천세원,2026-04-22,수입,금융수입,미분류,토스501,1.0,저축예금,
천세원,2026-04-22,이체,이체,미분류,카카오페이,-43990.0,저축예금,
천세원,2026-04-22,이체,이체,미분류,김범영,44000.0,저축예금,
하유진,2026-04-22,이체,이체,미분류,임*아,110000.0,카카오페이 머니,
하유진,2026-04-22,이체,현금,미분류,현대카드,10000.0,KB마이핏통장,
하유진,2026-04-22,이체,미분류,미분류,당근페이,-74000.0,KB마이핏통장,
하유진,2026-04-22,지출,생활,미분류,GS25 공식스토어,-17280.0,네이버페이 간편결제,
하유진,2026-04-23,지출,문화/여가,미분류,네이버플러스멤버십,-8000.0,네이버페이 간편결제(포인트),
천세원,2026-04-23,이체,이체,미분류,정진무,6000.0,저축예금,
하유진,2026-04-23,지출,미분류,미분류,엔에이치엔케이씨피 주식회사,-1000.0,카카오페이 간편결제,
천세원,2026-04-24,지출,금융,이자/대출,국민하유진_생활비,-14000000.0,저축예금,
천세원,2026-04-24,이체,이체,미분류,카카오페이,-19500.0,저축예금,
하유진,2026-04-24,지출,생활,미분류,이마트에브리데이세종다정점,-3280.0,네이버페이 간편결제,
하유진,2026-04-24,지출,식사,미분류,완도막회,-77000.0,네이버페이 간편결제,
하유진,2026-04-24,이체,이체,미분류,온누리충전,-93000.0,KB마이핏통장,
하유진,2026-04-24,지출,식사,미분류,(주)아워홈 콘티넨탈 세종점,-1200.0,네이버페이 간편결제(포인트),
하유진,2026-04-24,이체,이체,미분류,송금 내역,-46500.0,카카오페이 머니,
천세원,2026-04-24,이체,이체,미분류,카카오페이,-150000.0,저축예금,
하유진,2026-04-24,지출,카페/간식,미분류,주식회사 카카오,-990.0,카카오페이 간편결제,
하유진,2026-04-24,이체,대출,미분류,천세원_생활비,14000000.0,KB마이핏통장,
하유진,2026-04-24,수입,급여,미분류,급여아우모비오,12331595.0,KB마이핏통장,
천세원,2026-04-24,수입,급여,미분류,급여아우모비오,15003272.0,저축예금,
하유진,2026-04-25,이체,저축,미분류,정기이자 입금,1.0,세이프박스,
하유진,2026-04-25,수입,금융수입,미분류,입출금통장 이자,9.0,입출금통장,
하유진,2026-04-25,수입,금융수입,미분류,이자,0.0,MY 입출금통장,
천세원,2026-04-25,수입,금융수입,미분류,이자,0.0,MY 입출금통장,
천세원,2026-04-27,이체,내계좌이체,미분류,3회-천세원,-500000.0,저축예금,
하유진,2026-04-27,지출,생활,미분류,한화손02건,-113431.0,KB마이핏통장,
천세원,2026-04-27,지출,금융,보험,메리츠001건,-36120.0,저축예금,
천세원,2026-04-27,이체,내계좌이체,미분류,퇴직연금-천세원,-100000.0,저축예금,
천세원,2026-04-27,이체,이체,미분류,삼성히어링,-17800.0,저축예금,
천세원,2026-04-27,이체,카드대금,미분류,신한카드,-1044168.0,저축예금,
하유진,2026-04-28,지출,식사,미분류,(주)아워홈 콘티넨탈 세종점,-1200.0,네이버페이 간편결제(포인트),
하유진,2026-04-28,지출,문화/여가,미분류,Steam Purchase         425-952-2985  DEU,-30419.0,MG+ S 하나카드,
천세원,2026-04-28,이체,저축,미분류,예금해지,1500125.0,저축예금,
천세원,2026-04-28,이체,내계좌이체,미분류,천세원,-1500000.0,저축예금,
하유진,2026-04-29,지출,식사,미분류,(주)아워홈콘티넨탈세종점,-1200.0,네이버페이 간편결제,
하유진,2026-04-30,지출,식사,미분류,완도막회,-80000.0,네이버페이 간편결제,
하유진,2026-04-30,이체,이체,미분류,온누리충전,-27900.0,KB마이핏통장,
하유진,2026-04-30,지출,생활,미분류,세종전자담배마켓,-160000.0,세종 여민전 하나멤버스 1Q체크카드(후불교통),
하유진,2026-05-01,지출,술/유흥,미분류,스타노래연습장,-30000.0,세종 여민전 하나멤버스 1Q체크카드(후불교통),
하유진,2026-05-01,지출,카페/간식,미분류,해이커피 골프존 조이마루점,-15000.0,네이버페이 간편결제,
하유진,2026-05-01,지출,식사,미분류,로쏘(주),-29070.0,네이버페이 간편결제,
하유진,2026-05-01,지출,술/유흥,미분류,스타노래연습장,-10000.0,네이버페이 간편결제,
하유진,2026-05-01,지출,식사,미분류,로쏘(주),-57650.0,네이버페이 간편결제,
하유진,2026-05-02,지출,문화/여가,미분류,곤륜산패러글라이딩,-40000.0,네이버페이 간편결제,
하유진,2026-05-02,지출,생활,미분류,이마트 에브리데이 세종다정점,-18060.0,네이버페이 간편결제,
하유진,2026-05-02,이체,저축,미분류,안미남-월세,1050000.0,KB마이핏통장,
하유진,2026-05-02,이체,미분류,미분류,하유진,-1600000.0,KB마이핏통장,
하유진,2026-05-03,지출,생활,미분류,Dreame,-1320000.0,네이버페이 간편결제,
하유진,2026-05-03,이체,이체,미분류,김경희,1300000.0,KB마이핏통장,
하유진,2026-05-03,이체,이체,미분류,온누리충전,-270000.0,KB마이핏통장,
하유진,2026-05-03,지출,식사,미분류,우리수산건어물백화점,-10000.0,네이버페이 간편결제,
하유진,2026-05-03,지출,식사,미분류,모리수산,-40000.0,네이버페이 간편결제,
하유진,2026-05-03,지출,식사,미분류,구룡포식자재할인마트,-12500.0,네이버페이 간편결제,
하유진,2026-05-04,지출,식사,미분류,대현대게회식당,-5000.0,네이버페이 간편결제,
하유진,2026-05-04,지출,카페/간식,미분류,한국야쿠르트,-4900.0,네이버 현대카드,
하유진,2026-05-04,지출,문화/여가,미분류,곤륜산패러글라이딩,40000.0,네이버페이 간편결제,
하유진,2026-05-04,지출,식사,미분류,대현푸드,-220000.0,네이버페이 간편결제,
하유진,2026-05-04,지출,카페/간식,미분류,구룡가옥,-11000.0,네이버페이 간편결제,
하유진,2026-05-05,지출,미분류,미분류,네이버페이,40000.0,MG+ S 하나카드,
하유진,2026-05-05,지출,문화/여가,미분류,루피카게임즈,-9100.0,네이버페이 간편결제,
하유진,2026-05-06,지출,의료/건강,미분류,세종365의원,-56200.0,네이버페이 간편결제,
하유진,2026-05-06,지출,의료/건강,미분류,예쁜약국,-4500.0,네이버페이 간편결제,
하유진,2026-05-06,지출,생활,미분류,GS25소담중흥점,-4800.0,네이버페이 간편결제,
하유진,2026-05-06,지출,자동차,미분류,씨앤에스유통(주)세종셀프주유소,-70000.0,MG+ S 하나카드,
하유진,2026-05-07,지출,미분류,미분류,NHNKCP,-85874.0,네이버페이 간편결제,
하유진,2026-05-08,지출,식사,미분류,코스트코코리아,-137610.0,네이버페이 간편결제,
하유진,2026-05-08,지출,생활,미분류,마켓세종,-23460.0,네이버페이 간편결제,
하유진,2026-05-09,지출,식사,미분류,등촌샤브칼국수오송점,-26000.0,네이버페이 간편결제,
하유진,2026-05-09,지출,식사,미분류,등촌샤브칼국수오송점,-41000.0,네이버페이 간편결제,
하유진,2026-05-09,지출,식사,미분류,베어트리파크웰컴레스토랑,-65000.0,네이버페이 간편결제,
하유진,2026-05-09,지출,생활,미분류,지에스더프레시세종가온마을점,-1770.0,네이버페이 간편결제,
하유진,2026-05-09,지출,생활,미분류,맛KET세종새롬점,-15900.0,네이버페이 간편결제,
하유진,2026-05-09,이체,미분류,미분류,입금 내역,6317.0,KB마이핏통장,
하유진,2026-05-09,지출,식사,미분류,순한양꼬치,-154000.0,네이버 현대카드,
하유진,2026-05-10,지출,미분류,미분류,케이지이니시스,-6000.0,네이버페이 간편결제,
하유진,2026-05-11,지출,식사,미분류,(주)아워홈콘티넨탈세종점,-1200.0,네이버페이 간편결제,
하유진,2026-05-11,지출,의복/미용,미분류,AGE20S 에이지투웨니스,-27500.0,네이버페이 간편결제,
하유진,2026-05-11,지출,주거/통신,미분류,LG유플러스통신요금,-15090.0,네이버 현대카드,
하유진,2026-05-12,이체,카드대금,미분류,현대카드대금,-500570.0,KB마이핏통장,
하유진,2026-05-12,이체,저축,미분류,김경희화장품,30000.0,KB마이핏통장,
하유진,2026-05-13,지출,의복/미용,미분류,정샘물뷰티,-37240.0,네이버페이 간편결제,
하유진,2026-05-13,지출,식사,미분류,아워홈콘티넨탈세종점,-1200.0,네이버페이 간편결제,
하유진,2026-05-13,지출,카페/간식,미분류,우리동네아이스크림할인점,-1400.0,네이버페이 간편결제,
하유진,2026-05-13,이체,이체,미분류,천세원,-500000.0,KB마이핏통장,
하유진,2026-05-14,지출,생활,미분류,스마트로_대표(카드),-3200.0,네이버페이 간편결제,
하유진,2026-05-14,지출,식사,미분류,아워홈콘티넨탈세종점,-1200.0,네이버페이 간편결제,
하유진,2026-05-14,지출,식사,미분류,짱야옛날통닭,-33000.0,네이버페이 간편결제,
하유진,2026-05-15,지출,식사,미분류,규카츠정 나성점,-13000.0,네이버페이 간편결제,
하유진,2026-05-15,지출,여행/숙박,미분류,Agoda,-348623.0,네이버페이 간편결제,
하유진,2026-05-15,지출,카페/간식,미분류,커피다비다&가게,-12000.0,네이버페이 간편결제,
하유진,2026-05-15,지출,식사,미분류,규카츠정나성점,-32000.0,네이버페이 간편결제,
하유진,2026-05-16,지출,문화/여가,미분류,토이스타 세종,-39800.0,네이버페이 간편결제,
하유진,2026-05-16,지출,생활,미분류,다이소아성산업,-4000.0,네이버페이 간편결제,
하유진,2026-05-16,지출,생활,미분류,세븐일레븐 일산동구백석점,-8100.0,네이버페이 간편결제(포인트),
하유진,2026-05-18,지출,주거/통신,미분류,민팃,-5900.0,네이버 현대카드,
하유진,2026-05-18,지출,식사,미분류,아워홈콘티넨탈세종점,-1200.0,네이버페이 간편결제,
하유진,2026-05-18,지출,미분류,미분류,AliExpress L2L,-31520.0,네이버페이 간편결제(포인트),
하유진,2026-05-18,지출,식사,미분류,세종버거킹,-6200.0,MG+ S 하나카드,
하유진,2026-05-18,지출,식사,미분류,아워홈콘티넨탈세종점,-2300.0,네이버페이 간편결제,
하유진,2026-05-19,지출,의복/미용,미분류,마르시끄,-18400.0,네이버페이 간편결제,
하유진,2026-05-19,지출,식사,미분류,(주)아워홈콘티넨탈세종점,-1200.0,네이버페이 간편결제,
하유진,2026-05-19,지출,자동차,미분류,행복주유소,-70000.0,네이버페이 간편결제,
하유진,2026-05-19,수입,미분류,미분류,Points Expired,-1642.0,페이코포인트,
하유진,2026-05-20,지출,식사,미분류,코스트코코리아,-233070.0,네이버페이 간편결제,
하유진,2026-05-20,지출,식사,미분류,아워홈콘티넨탈세종점,-1200.0,네이버페이 간편결제,
하유진,2026-05-20,지출,식사,미분류,아워홈콘티넨탈세종점,-1850.0,네이버페이 간편결제,
하유진,2026-05-21,지출,생활,미분류,마켓세종,-4800.0,네이버페이 간편결제,
하유진,2026-05-21,지출,카페/간식,미분류,카페신남,-8000.0,네이버페이 간편결제,
하유진,2026-05-21,지출,주거/통신,미분류,국민은행LiivM,-28500.0,KB국민 nori 체크카드(RF),
하유진,2026-05-22,지출,식사,미분류,아워홈콘티넨탈세종점,-1200.0,네이버페이 간편결제,
하유진,2026-05-22,수입,급여,미분류,급여아우모비오,4035398.0,KB마이핏통장,
하유진,2026-05-22,이체,대출,미분류,천세원_생활비,2500000.0,KB마이핏통장,
하유진,2026-05-22,이체,이체,미분류,지방세입금1건,-2749200.0,KB마이핏통장,
하유진,2026-05-22,이체,이체,미분류,모바일입출금계좌해지,1422615.0,자립예탁금,
하유진,2026-05-23,지출,문화/여가,미분류,네이버플러스멤버십,-4121.0,네이버페이 간편결제,
하유진,2026-05-23,이체,저축,미분류,정기이자 입금,1.0,세이프박스,
하유진,2026-05-23,수입,금융수입,미분류,입출금통장 이자,9.0,입출금통장,
하유진,2026-05-23,수입,금융수입,미분류,이자,0.0,MY 입출금통장,
하유진,2026-05-23,이체,이체,미분류,천세원,-30000000.0,KB마이핏통장,
하유진,2026-05-23,지출,문화/여가,미분류,네이버플러스멤버십,-3879.0,네이버페이 간편결제(포인트),
하유진,2026-05-24,지출,카페/간식,미분류,주식회사 카카오,-990.0,카카오페이 간편결제,
하유진,2026-05-24,지출,생활,미분류,씨유CU의성안계점,-5400.0,네이버페이 간편결제,
하유진,2026-05-26,지출,생활,미분류,한화손02건,-113431.0,KB마이핏통장,
하유진,2026-05-27,지출,식사,미분류,아워홈콘티넨탈세종점,-1200.0,네이버페이 간편결제,
하유진,2026-05-28,지출,여행/숙박,미분류,드림게이트,234000.0,네이버페이 간편결제,
하유진,2026-05-28,지출,문화/여가,미분류,스쿠바하우스,-217500.0,네이버페이 간편결제,
하유진,2026-05-28,지출,여행/숙박,미분류,드림게이트,-234000.0,네이버페이 간편결제,
하유진,2026-05-28,지출,여행/숙박,미분류,드림게이트,234000.0,네이버페이 간편결제,
하유진,2026-05-28,지출,여행/숙박,미분류,드림게이트,-234000.0,네이버페이 간편결제,
하유진,2026-05-28,지출,식사,미분류,아워홈콘티넨탈세종점,-850.0,네이버페이 간편결제,
하유진,2026-05-28,이체,미분류,미분류,하유진,-1980000.0,KB마이핏통장,
하유진,2026-05-28,이체,현금,미분류,현대카드,10000.0,KB마이핏통장,
하유진,2026-05-28,이체,이체,미분류,송금 내역,-36450.0,카카오페이 머니,
하유진,2026-05-29,이체,이체,미분류,온누리충전,-93000.0,KB마이핏통장,
하유진,2026-05-29,지출,식사,미분류,따이롱,-52000.0,네이버페이 간편결제,
하유진,2026-05-29,이체,이체,미분류,천세원,-100000.0,KB마이핏통장,
하유진,2026-05-29,지출,미분류,미분류,NHNKCP,-1000.0,네이버페이 간편결제,
하유진,2026-05-29,이체,현금,미분류,AUMOVIO EL,487600.0,KB마이핏통장,
하유진,2026-05-30,지출,식사,미분류,산더미미성돼지국밥세종나성점,-21000.0,네이버페이 간편결제,
하유진,2026-05-30,지출,생활,미분류,이마트 에브리데이 세종다정점,-12080.0,네이버페이 간편결제,
하유진,2026-05-31,지출,생활,미분류,아라크네,-240900.0,네이버페이 간편결제,
하유진,2026-05-31,지출,카페/간식,미분류,우지커피세종다정점,-4000.0,네이버페이 간편결제,
천세원,2026-06-01,이체,이체,미분류,여민전,-300000.0,저축예금,
하유진,2026-06-01,지출,식사,미분류,아워홈콘티넨탈세종점,-2300.0,네이버페이 간편결제,
하유진,2026-06-01,이체,이체,미분류,여민전,-300000.0,KB마이핏통장,
하유진,2026-06-01,지출,식사,미분류,아워홈콘티넨탈세종점,-1250.0,네이버페이 간편결제,
하유진,2026-06-01,지출,자동차,미분류,행복주유소,-80000.0,세종 여민전 하나멤버스 1Q체크카드(후불교통),
하유진,2026-06-01,지출,여행/숙박,미분류,하나카드,-57700.0,네이버페이 간편결제,
하유진,2026-06-02,이체,저축,미분류,안미남-월세,1050000.0,KB마이핏통장,
하유진,2026-06-02,지출,카페/간식,미분류,뚜레쥬르 세종보람점,-33000.0,네이버페이 간편결제,
하유진,2026-06-03,지출,식사,미분류,쓰촨 세종점,-25000.0,세종 여민전 하나멤버스 1Q체크카드(후불교통),
하유진,2026-06-03,지출,카페/간식,미분류,우지커피세종다정점,-4000.0,네이버페이 간편결제,
하유진,2026-06-03,지출,생활,미분류,(주)아성다이소,-34200.0,네이버페이 간편결제,
하유진,2026-06-03,지출,교통,미분류,티머니 대전버스,-2000.0,MG+ S 하나카드,
하유진,2026-06-04,이체,이체,미분류,천세원,-290000.0,KB마이핏통장,
하유진,2026-06-04,지출,식사,미분류,아워홈콘티넨탈세종점,-1200.0,네이버페이 간편결제,
하유진,2026-06-04,지출,식사,미분류,요기요,-31900.0,네이버페이 간편결제,
천세원,2026-06-04,이체,이체,미분류,카카오페이,-280199.0,저축예금,
천세원,2026-06-04,이체,이체,미분류,하유진,290000.0,저축예금,
하유진,2026-06-05,지출,의복/미용,미분류,씨제이올리브영(주)세종나성점,-13940.0,네이버페이 간편결제,
하유진,2026-06-05,지출,식사,미분류,완도막회,-80000.0,네이버페이 간편결제,
하유진,2026-06-05,지출,여행/숙박,미분류,스페이스2050,-1000.0,네이버페이 간편결제,
하유진,2026-06-05,지출,여행/숙박,미분류,스페이스2050,-1000.0,네이버페이 간편결제,
하유진,2026-06-05,지출,술/유흥,미분류,스타노래연습장,-45000.0,네이버페이 간편결제,
하유진,2026-06-05,이체,이체,미분류,온누리충전,-37200.0,KB마이핏통장,
천세원,2026-06-05,이체,이체,미분류,카카오페이,-12500.0,저축예금,
하유진,2026-06-06,지출,생활,미분류,이마트 에브리데이 세종다정점,-11540.0,네이버페이 간편결제,
하유진,2026-06-07,지출,생활,미분류,(주)아성다이소,-25200.0,네이버페이 간편결제,
하유진,2026-06-07,지출,생활,미분류,(주)아성다이소,-7000.0,네이버페이 간편결제,
하유진,2026-06-07,지출,카페/간식,미분류,우지커피세종다정점,-5300.0,네이버페이 간편결제,
하유진,2026-06-08,지출,생활,미분류,(주)아성다이소,34200.0,MG+ S 하나카드,
하유진,2026-06-09,지출,주거/통신,미분류,LG유플러스통신요금,-15090.0,네이버 현대카드,
하유진,2026-06-09,지출,식사,미분류,(주)아워홈콘티넨탈세종점,-8900.0,네이버페이 간편결제,
하유진,2026-06-09,이체,저축,미분류,의료실손비용김경희,46200.0,KB마이핏통장,
하유진,2026-06-09,지출,문화/여가,미분류,STEAMGAMES.COM 4259522985,-14795.0,네이버 현대카드,
하유진,2026-06-09,지출,여행/숙박,미분류,Agoda,-269841.0,네이버페이 간편결제,
하유진,2026-06-09,지출,문화/여가,미분류,Steam Purchase,-8046.0,네이버 현대카드,
하유진,2026-06-10,지출,식사,미분류,(주)아워홈콘티넨탈세종점,-2600.0,네이버페이 간편결제,
하유진,2026-06-11,지출,식사,미분류,아워홈콘티넨탈세종점,-1500.0,네이버페이 간편결제,
하유진,2026-06-11,지출,식사,미분류,아워홈콘티넨탈세종점,-1200.0,네이버페이 간편결제,
하유진,2026-06-11,지출,생활,미분류,주식회사 버킷플레이스,-11281.0,카카오페이 간편결제,
천세원,2026-06-11,지출,금융,증권/투자,1203502442783,-77797.0,저축예금,
하유진,2026-06-12,지출,식사,미분류,아워홈콘티넨탈세종점,-1200.0,네이버페이 간편결제,
하유진,2026-06-12,지출,식사,미분류,노모어피자세종다정점,-32800.0,네이버페이 간편결제,
하유진,2026-06-12,이체,카드대금,미분류,현대카드대금,-1075105.0,KB마이핏통장,
하유진,2026-06-13,이체,이체,미분류,온누리충전,-93000.0,KB마이핏통장,
하유진,2026-06-13,지출,생활,미분류,이마트에브리데이세종다정점,-7900.0,네이버페이 간편결제,
하유진,2026-06-13,지출,술/유흥,미분류,노군꼬치세종다정점,-63000.0,네이버페이 간편결제,
하유진,2026-06-13,지출,생활,미분류,다이소아성산업,-6000.0,네이버페이 간편결제,
하유진,2026-06-15,지출,생활,미분류,세븐일레븐 세종가온9단지점,-13000.0,네이버페이 간편결제,
하유진,2026-06-15,지출,식사,미분류,닭장수후라이드다정점,-18900.0,네이버페이 간편결제,
하유진,2026-06-15,지출,자동차,미분류,세종예운주유소,-50000.0,네이버페이 간편결제,
하유진,2026-06-15,지출,식사,미분류,아워홈콘티넨탈세종점,-1250.0,네이버페이 간편결제,
하유진,2026-06-15,지출,주거/통신,미분류,민팃,-5900.0,네이버 현대카드,
하유진,2026-06-16,이체,투자,미분류,임신사전건강관리지,130000.0,KB마이핏통장,
하유진,2026-06-17,지출,문화/여가,미분류,스쿠바하우스,-28983.0,네이버페이 간편결제(포인트),
하유진,2026-06-17,지출,문화/여가,미분류,ALIPAY CONNECT PTE. LTD,-8800.0,카카오페이 간편결제,
하유진,2026-06-17,지출,식사,미분류,코스트코코리아,-287230.0,네이버페이 간편결제,
하유진,2026-06-17,지출,문화/여가,미분류,스쿠바하우스,-211017.0,네이버페이 간편결제,
하유진,2026-06-18,지출,식사,미분류,아워홈콘티넨탈세종점,-11600.0,네이버페이 간편결제,
하유진,2026-06-18,지출,생활,미분류,마켓세종,-14970.0,네이버페이 간편결제,
하유진,2026-06-19,지출,자동차,미분류,행복주유소,-80000.0,세종 여민전 하나멤버스 1Q체크카드(후불교통),
하유진,2026-06-19,이체,이체,미분류,송금 내역,-12000.0,카카오페이 머니,
하유진,2026-06-19,지출,미분류,미분류,NHNKCP,-52000.0,네이버페이 간편결제,
하유진,2026-06-19,지출,문화/여가,미분류,원키코인노래연습장,-10000.0,네이버페이 간편결제,
천세원,2026-06-19,이체,이체,미분류,카카오페이,-11998.0,저축예금,
천세원,2026-06-20,수입,금융수입,미분류,예금결산이자,232.0,저축예금,
하유진,2026-06-20,지출,카페/간식,미분류,씨제이올리브네트웍스 주식회사,-1100.0,카카오페이 간편결제,
하유진,2026-06-20,이체,이체,미분류,*****,1.0,신한 주거래 S20통장,
하유진,2026-06-20,이체,저축,미분류,예금결산이자,0.0,저축예금,
하유진,2026-06-21,지출,식사,미분류,싱싱이네,-32620.0,네이버페이 간편결제,
하유진,2026-06-21,지출,식사,미분류,싱싱이네,-6280.0,네이버페이 간편결제(포인트),
하유진,2026-06-21,지출,여행/숙박,미분류,하나카드,-29040.0,네이버페이 간편결제,
하유진,2026-06-21,지출,문화/여가,미분류,ALIPAY CONNECT PTE. LTD,2000.0,카카오페이 간편결제,
하유진,2026-06-22,지출,주거/통신,미분류,국민은행LiivM,-28500.0,KB국민 nori 체크카드(RF),
하유진,2026-06-22,지출,식사,미분류,아워홈콘티넨탈세종점,-1200.0,네이버페이 간편결제,
천세원,2026-06-22,지출,주거/통신,휴대폰,국민은행LiivM,-32900.0,KB마이핏통장,
천세원,2026-06-22,지출,금융,보험,DB손14406,-35950.0,저축예금,
하유진,2026-06-23,지출,미분류,미분류,네이버플러스멤버십,-2.0,네이버페이 간편결제(포인트),
하유진,2026-06-23,지출,문화/여가,미분류,네이버플러스멤버십,-7998.0,네이버페이 간편결제,
하유진,2026-06-24,지출,생활,미분류,콜만생리대,-89280.0,네이버페이 간편결제,
하유진,2026-06-24,지출,문화/여가,미분류,주식회사 카카오,-990.0,카카오페이 간편결제,
하유진,2026-06-24,지출,카페/간식,미분류,메가MGC커피 선물하기,-7760.0,네이버페이 간편결제,
하유진,2026-06-24,지출,의복/미용,미분류,헤드앤숄더공식몰,-45520.0,네이버페이 간편결제,
하유진,2026-06-25,지출,식사,미분류,아워홈콘티넨탈세종점,-1200.0,네이버페이 간편결제,
하유진,2026-06-25,지출,생활,미분류,한화손02건,-113431.0,KB마이핏통장,
하유진,2026-06-25,이체,미분류,미분류,카카오페이,-100000.0,입출금통장,
하유진,2026-06-25,이체,미분류,미분류,하*진,100000.0,카카오페이 머니,
하유진,2026-06-25,이체,투자,미분류,애드포스트정산,50346.0,KB마이핏통장,
하유진,2026-06-25,수입,급여,미분류,급여아우모비오,4010284.0,KB마이핏통장,
천세원,2026-06-25,지출,금융,이자/대출,국민하유진_생활비,-3000000.0,저축예금,
천세원,2026-06-25,이체,내계좌이체,미분류,천세원,58100.0,저축예금,
천세원,2026-06-25,지출,금융,보험,메리츠001건,-36120.0,저축예금,
천세원,2026-06-25,이체,카드대금,미분류,신한카드,-1206960.0,저축예금,
하유진,2026-06-25,이체,대출,미분류,천세원_생활비,3000000.0,KB마이핏통장,
천세원,2026-06-25,수입,급여,미분류,급여아우모비오,4490675.0,저축예금,
하유진,2026-06-26,지출,여행/숙박,미분류,주식회사 여기어때컴퍼니,-170971.0,카카오페이 간편결제,
하유진,2026-06-26,지출,식사,미분류,컬리N마트,-42010.0,네이버페이 간편결제,
천세원,2026-06-26,이체,이체,미분류,삼성히어링,-17800.0,저축예금,
천세원,2026-06-26,이체,이체,미분류,박건영,7500.0,저축예금,
하유진,2026-06-26,지출,술/유흥,미분류,배혜정도가,-12000.0,네이버페이 간편결제,
하유진,2026-06-26,지출,여행/숙박,미분류,호연재,-85500.0,네이버페이 간편결제,
하유진,2026-06-26,지출,교통,미분류,결제대행(3)_나이스,20000.0,MG+ S 하나카드,
하유진,2026-06-26,지출,교통,미분류,결제대행(3)_나이스,-22000.0,MG+ S 하나카드,
하유진,2026-06-26,지출,교통,미분류,결제대행(3)_나이스,22000.0,MG+ S 하나카드,
하유진,2026-06-26,지출,교통,미분류,결제대행(3)_나이스,-25000.0,MG+ S 하나카드,
하유진,2026-06-26,지출,교통,미분류,결제대행(3)_나이스,25000.0,MG+ S 하나카드,
하유진,2026-06-26,지출,교통,미분류,결제대행(3)_나이스,-20000.0,MG+ S 하나카드,
하유진,2026-06-27,이체,저축,미분류,정기이자 입금,1.0,세이프박스,
하유진,2026-06-27,수입,금융수입,미분류,이자,0.0,MY 입출금통장,
천세원,2026-06-27,수입,금융수입,미분류,이자,0.0,MY 입출금통장,
하유진,2026-06-27,수입,금융수입,미분류,결산이자,70.0,자립예탁금,
하유진,2026-06-27,수입,금융수입,미분류,입출금통장 이자,11.0,입출금통장,
하유진,2026-06-28,지출,의복/미용,미분류,현대백화점 커넥트현대 청주,-79100.0,네이버페이 간편결제,
하유진,2026-06-28,지출,의복/미용,미분류,현대백화점 커넥트현대 청주,-11000.0,네이버페이 간편결제,
하유진,2026-06-28,지출,의복/미용,미분류,현대백화점 커넥트현대 청주,-15800.0,네이버페이 간편결제,
하유진,2026-06-28,이체,이체,미분류,온누리충전,-93000.0,KB마이핏통장,
하유진,2026-06-28,지출,생활,미분류,세종전자담배마켓,-140000.0,세종 여민전 하나멤버스 1Q체크카드(후불교통),
하유진,2026-06-28,지출,카페/간식,미분류,세종스타베이프,-20000.0,네이버페이 간편결제,
하유진,2026-06-28,지출,생활,미분류,LG전자,-148000.0,네이버페이 간편결제,
하유진,2026-06-28,지출,의복/미용,미분류,젝시믹스,-69600.0,네이버페이 간편결제,
천세원,2026-06-28,이체,미분류,미분류,입금 내역,0.0,자립예탁금,
하유진,2026-06-28,지출,의복/미용,미분류,현대백화점 커넥트현대 청주,-34500.0,네이버페이 간편결제,
하유진,2026-06-28,이체,미분류,미분류,입금 내역,1.0,NH1934우대통장(저축예금),
하유진,2026-06-29,이체,현금,미분류,현대카드,10000.0,KB마이핏통장,
하유진,2026-06-29,이체,이체,미분류,김경희,200000.0,KB마이핏통장,
천세원,2026-06-30,이체,내계좌이체,미분류,천세원,200000.0,저축예금,
천세원,2026-06-30,이체,내계좌이체,미분류,천세원,-200000.0,KB마이핏통장,
천세원,2026-06-30,수입,기타수입,미분류,7433 우리카드,1.0,저축예금,
천세원,2026-06-30,이체,내계좌이체,미분류,퇴직연금-천세원,-100000.0,저축예금,
하유진,2026-06-30,이체,저축,미분류,김경희 컴퓨터 모니,150000.0,KB마이핏통장,
하유진,2026-07-01,이체,이체,미분류,김경희,148000.0,KB마이핏통장,
하유진,2026-07-01,이체,이체,미분류,여민전,-300000.0,KB마이핏통장,
하유진,2026-07-01,지출,교통,미분류,주식회사 놀유니버스,-347200.0,카카오페이 간편결제,
하유진,2026-07-01,지출,생활,미분류,LG전자,-148000.0,네이버페이 간편결제,
하유진,2026-07-01,이체,카드대금,미분류,롯데카드2607,-20000.0,KB마이핏통장,
하유진,2026-07-01,이체,미분류,미분류,하*진,300000.0,카카오페이 머니,
하유진,2026-07-01,이체,미분류,미분류,하유진,300000.0,입출금통장,
하유진,2026-07-01,이체,미분류,미분류,하유진,-300000.0,KB마이핏통장,
천세원,2026-07-01,이체,이체,미분류,여민전,-300000.0,저축예금,
하유진,2026-07-01,이체,미분류,미분류,카카오페이,-300000.0,입출금통장,
하유진,2026-07-02,이체,저축,미분류,안미남-월세,1050000.0,KB마이핏통장,
하유진,2026-07-02,지출,식사,미분류,(주)아워홈 콘티넨탈 세종점,-1200.0,네이버페이 간편결제(포인트),
하유진,2026-07-02,이체,카드대금,미분류,하나카드결제,-1226080.0,KB마이핏통장,
하유진,2026-07-02,이체,이체,미분류,송금 내역,-150000.0,카카오페이 머니,
하유진,2026-07-02,이체,미분류,미분류,카카오페이,-125160.0,입출금통장,
하유진,2026-07-02,이체,미분류,미분류,하*진,125160.0,카카오페이 머니,
하유진,2026-07-02,이체,미분류,미분류,하유진,-150000.0,KB마이핏통장,
하유진,2026-07-02,지출,카페/간식,미분류,하우스필터,-35920.0,네이버페이 간편결제,
하유진,2026-07-02,이체,미분류,미분류,하유진,-2000000.0,KB마이핏통장,
하유진,2026-07-02,이체,미분류,미분류,하유진,150000.0,입출금통장,
하유진,2026-07-03,지출,식사,미분류,(주)아워홈콘티넨탈세종점,-2600.0,네이버페이 간편결제,
하유진,2026-07-03,지출,자동차,미분류,행복주유소,-70000.0,세종 여민전 하나멤버스 1Q체크카드(후불교통),
하유진,2026-07-03,지출,식사,미분류,(주)아워홈 콘티넨탈 세종점,-1200.0,네이버페이 간편결제(포인트),
하유진,2026-07-03,지출,식사,미분류,신대구막창 나성점,-55700.0,세종 여민전 하나멤버스 1Q체크카드(후불교통),
하유진,2026-07-04,지출,식사,미분류,강릉사임당오징어순대,-17000.0,네이버페이 간편결제,
하유진,2026-07-04,지출,카페/간식,미분류,강릉 안다라 안다라,-30000.0,네이버페이 간편결제,
하유진,2026-07-04,지출,식사,미분류,통일미곡,-4500.0,네이버페이 간편결제,
하유진,2026-07-04,지출,식사,미분류,남항진어촌식당,-75000.0,네이버페이 간편결제,
하유진,2026-07-04,지출,교통,미분류,결제대행(3)_나이스,-17000.0,MG+ S 하나카드,
하유진,2026-07-04,지출,생활,미분류,씨유(CU)강릉남항진해변점,-2400.0,네이버페이 간편결제(포인트),
하유진,2026-07-04,이체,이체,미분류,이경희,-25000.0,KB마이핏통장,
하유진,2026-07-04,지출,생활,미분류,세븐일레븐경포하남점,-19800.0,네이버페이 간편결제,
하유진,2026-07-04,지출,교통,미분류,결제대행(3)_나이스,17000.0,MG+ S 하나카드,
하유진,2026-07-05,지출,여행/숙박,미분류,PARKROCHE ROCHE C,29772.0,네이버페이 간편결제,
하유진,2026-07-05,지출,카페/간식,미분류,(주)엠디케이컴퍼니,-17900.0,네이버페이 간편결제,
하유진,2026-07-05,지출,여행/숙박,미분류,PARKROCHE ROCHE C,-29772.0,네이버페이 간편결제,
하유진,2026-07-05,지출,여행/숙박,미분류,PARKROCHE ROCHE C,-19228.0,네이버페이 간편결제(포인트),
하유진,2026-07-05,지출,여행/숙박,미분류,PARKROCHE ROCHE C,19228.0,네이버페이 간편결제(포인트),
하유진,2026-07-05,지출,여행/숙박,미분류,에이치디씨현대산업개발(주)파크로,-44100.0,네이버페이 간편결제,
하유진,2026-07-05,지출,술/유흥,미분류,버드나무양조장(주),-44500.0,네이버페이 간편결제,
하유진,2026-07-06,지출,생활,미분류,쿠첸세종서비스,-14000.0,네이버페이 간편결제,
하유진,2026-07-07,지출,식사,미분류,(주)아워홈 콘티넨탈 세종점,-1200.0,네이버페이 간편결제(포인트),
하유진,2026-07-07,지출,생활,미분류,마켓세종,-2980.0,네이버페이 간편결제,
하유진,2026-07-09,지출,주거/통신,미분류,LG유플러스통신요금,-15090.0,네이버 현대카드,
하유진,2026-07-09,지출,식사,미분류,(주)아워홈 콘티넨탈 세종점,-1200.0,네이버페이 간편결제(포인트),
하유진,2026-07-09,지출,의료/건강,미분류,쿨시스템,-35650.0,네이버페이 간편결제,
하유진,2026-07-10,이체,미분류,미분류,하유진,-9000000.0,KB마이핏통장,
하유진,2026-07-10,지출,식사,미분류,(주)아워홈 콘티넨탈 세종점,-1200.0,네이버페이 간편결제(포인트),
천세원,2026-05-01,이체,이체,미분류,여민전,-300000.0,저축예금,
천세원,2026-05-01,지출,온라인쇼핑,인터넷쇼핑,포항 온수풀비용,-100000.0,저축예금,
천세원,2026-05-07,이체,저축,미분류,4월 사내의료비,919093.0,저축예금,
천세원,2026-05-07,이체,저축,미분류,4월 사내의료비,794905.0,저축예금,
천세원,2026-05-07,이체,저축,미분류,4월 사내의료비,831815.0,저축예금,
천세원,2026-05-07,지출,금융,세금/과태료,국민지성경_의료비,-2545813.0,저축예금,
천세원,2026-05-09,이체,미분류,미분류,출금 내역,-700000.0,KB마이핏통장,
천세원,2026-05-09,이체,미분류,미분류,입금 내역,494.0,KB마이핏통장,
천세원,2026-05-11,지출,금융,증권/투자,1203502442783,-75287.0,저축예금,
천세원,2026-05-13,지출,여행/숙박,해외결제,트래블월렛,-11916.0,저축예금,
천세원,2026-05-13,지출,여행/숙박,해외결제,트래블월렛,-333716.0,저축예금,
천세원,2026-05-13,이체,이체,미분류,하유진,500000.0,저축예금,
천세원,2026-05-13,이체,저축,미분류,TW648,1.0,저축예금,
천세원,2026-05-13,지출,여행/숙박,해외결제,트래블월렛,-341532.0,저축예금,
천세원,2026-05-14,이체,현금,미분류,AUMOVIO EL,124140.0,저축예금,
천세원,2026-05-15,수입,금융수입,미분류,우리카드캐시백,10142.0,저축예금,
천세원,2026-05-15,이체,이체,미분류,카카오페이,-10000.0,저축예금,
천세원,2026-05-21,지출,금융,보험,DB손14305,-35950.0,저축예금,
천세원,2026-05-21,지출,주거/통신,휴대폰,국민은행LiivM,-32900.0,KB마이핏통장,
천세원,2026-05-22,지출,온라인쇼핑,결제/충전,온누리충전,-66030.0,저축예금,
천세원,2026-05-22,이체,카드대금,미분류,신한카드,-1261948.0,저축예금,
천세원,2026-05-22,지출,금융,이자/대출,국민하유진_생활비,-2500000.0,저축예금,
천세원,2026-05-22,수입,급여,미분류,급여아우모비오,4478364.0,저축예금,
천세원,2026-05-23,수입,금융수입,미분류,이자,0.0,MY 입출금통장,
천세원,2026-05-26,이체,이체,미분류,삼성히어링,-17800.0,저축예금,
천세원,2026-05-26,지출,금융,보험,메리츠001건,-36120.0,저축예금,
천세원,2026-05-27,이체,내계좌이체,미분류,퇴직연금-천세원,-500000.0,저축예금,
천세원,2026-05-29,이체,이체,미분류,카카오페이,-10000.0,저축예금,
천세원,2026-05-29,이체,이체,미분류,하유진,100000.0,저축예금,
